LocEvent,EventRootCode,NumberOfMentions
RS,--,4
JO,--,3
JA,--,7
,--,14
ES,--,4
AS,--,5
CA,--,5
RQ,--,10
US,--,131
PK,--,4
NI,01,2101857
AR,01,632821
BH,01,42982
SM,01,1850
TD,01,68832
JN,01,20
CD,01,86920
IO,01,425
SV,01,2766
LI,01,98184
CY,01,203890
LS,01,6211
NR,01,50080
LT,01,18802
TU,01,3492751
IC,01,90077
TH,01,459463
EI,01,951860
BN,01,36315
TN,01,10533
JQ,01,171
EC,01,203187
CE,01,222227
IS,01,3814196
MO,01,298879
TT,01,11807
BO,01,246577
RS,01,6907574
HA,01,185220
BR,01,985769
BM,01,234317
RQ,01,195673
ID,01,1141935
WZ,01,14524
PL,01,716764
CV,01,5614
VE,01,934438
AA,01,6231
KU,01,188713
AE,01,349657
US,01,57803107
AS,01,5752468
JO,01,412379
KT,01,5078
CS,01,45333
GK,01,10626
,01,10004283
SN,01,350094
DJ,01,37710
PC,01,1421
YM,01,606584
EG,01,1525020
CM,01,91719
WA,01,61759
MP,01,107175
BL,01,185809
ER,01,44582
SH,01,517
AQ,01,4946
TZ,01,132465
AF,01,1273179
SF,01,984081
KZ,01,135290
DR,01,47083
MK,01,486708
UK,01,7653758
IM,01,2116
SY,01,3114419
MC,01,14652
MY,01,644956
HR,01,221456
EZ,01,267137
BV,01,9
MI,01,71906
WI,01,9467
PM,01,204330
ST,01,7864
RI,01,238833
KN,01,1277582
LG,01,127854
ZI,01,449238
SA,01,1419038
ML,01,218345
AU,01,395267
AG,01,157869
GH,01,537063
BG,01,791767
EN,01,112299
MV,01,46298
WF,01,14
AV,01,3001
PP,01,58472
GP,01,26886
MD,01,115021
FI,01,280587
CJ,01,14882
WE,01,229534
TO,01,28521
MF,01,1798
HU,01,385602
FO,01,1805
HK,01,147168
CG,01,43795
UY,01,106816
SL,01,66257
TV,01,3266
SW,01,850243
CO,01,553756
BP,01,7978
NO,01,301328
SC,01,2355
UG,01,218768
QA,01,277116
UZ,01,68372
ET,01,171370
LU,01,74960
KG,01,68496
MJ,01,30991
OS,01,63198
SU,01,263747
RO,01,627247
RN,01,1890
IV,01,67671
OC,01,8566
IN,01,3711977
LE,01,465569
TL,01,440
NH,01,15909
BK,01,52714
PF,01,1040
PE,01,356803
BX,01,102797
BU,01,339730
FQ,01,3
JE,01,112564
SB,01,86
CR,01,18
HO,01,153112
CT,01,58800
TW,01,220220
UV,01,288830
TI,01,36177
PK,01,1839215
TK,01,5669
CF,01,98003
GQ,01,49221
RM,01,10194
BA,01,123601
AN,01,11307
KV,01,116771
BC,01,48295
BT,01,21586
DO,01,17610
MB,01,5182
NT,01,139
JA,01,1327966
RB,01,205698
BB,01,34986
AJ,01,252372
MT,01,124639
FG,01,1931
DQ,01,13
MZ,01,51995
HQ,01,68
TX,01,34415
CI,01,382877
CN,01,4480
SG,01,96295
PO,01,291422
ZA,01,109775
WQ,01,120
BD,01,28396
FP,01,3688
AO,01,109745
NF,01,899
GL,01,18130
FJ,01,68049
SE,01,15910
CB,01,159019
MU,01,91308
WS,01,20711
RW,01,106060
PA,01,78672
GY,01,62602
IT,01,1826979
KR,01,7957
GJ,01,13225
JM,01,160938
MX,01,2053062
GM,01,3033385
NL,01,553625
UP,01,1822076
MN,01,21630
VT,01,57550
OD,01,119547
VM,01,427204
CH,01,3804974
PU,01,5180
IR,01,2435953
NZ,01,490183
AM,01,370412
TS,01,255752
YI,01,5214
SI,01,96181
BY,01,96600
GZ,01,64547
SO,01,402232
FR,01,3571325
TE,01,7
NU,01,101608
BF,01,84524
GG,01,44762
GR,01,1449464
PS,01,9239
GT,01,157304
VQ,01,10608
TP,01,1688
GA,01,93988
CW,01,4636
CU,01,498392
SZ,01,681168
MR,01,32906
AC,01,15410
MH,01,5593
NG,01,91790
RE,01,21068
NC,01,3486
LQ,01,3
CQ,01,993
NP,01,274652
GI,01,27725
AY,01,15796
MA,01,27571
PG,01,1750
KE,01,487096
LY,01,476348
BE,01,986794
FM,01,9749
GV,01,63625
EK,01,12542
NS,01,8148
RP,01,1198026
NE,01,843
VI,01,7414
LO,01,101127
MG,01,34720
AL,01,358374
LH,01,150212
IZ,01,1552148
SP,01,1667417
VC,01,8739
FK,01,495
KS,01,1014756
LA,01,42562
GB,01,25152
DA,01,306963
CA,01,3407194
ES,01,86923
CO,02,342451
MA,02,16768
BM,02,103801
GT,02,105252
LO,02,57099
CQ,02,798
GV,02,43550
RN,02,986
YI,02,3559
BC,02,24380
AJ,02,100042
IR,02,1028055
PC,02,649
GI,02,13589
CY,02,127756
AY,02,6952
EN,02,56977
CV,02,4573
BA,02,58939
TI,02,18926
GB,02,20397
MI,02,32691
TD,02,33429
MT,02,64611
PO,02,217687
AG,02,92673
KS,02,529259
VQ,02,5491
PL,02,408204
EZ,02,146859
GL,02,8177
MY,02,293111
VM,02,200798
MX,02,1231768
FP,02,2547
FG,02,557
LY,02,258040
SL,02,30710
FK,02,302
EK,02,5527
WS,02,9915
CB,02,66134
LH,02,129303
ET,02,75010
TW,02,109205
MU,02,55420
FO,02,675
PK,02,712208
NH,02,7283
PA,02,49665
FM,02,1677
JA,02,599468
SA,02,704205
SE,02,8224
LI,02,43999
LS,02,2517
CN,02,2444
NS,02,5584
SZ,02,401595
MV,02,24320
ES,02,55728
GJ,02,7748
BB,02,14921
UZ,02,25885
RO,02,697619
KN,02,547107
QA,02,137807
LA,02,16214
GA,02,51322
AR,02,398583
WI,02,7127
CE,02,113118
EG,02,766300
HQ,02,165
BP,02,3933
HA,02,97474
TS,02,120590
KE,02,241931
IS,02,1925990
CM,02,51886
NO,02,185813
UY,02,63587
US,02,28814589
OS,02,34383
SN,02,166416
PF,02,8821
LU,02,60564
AU,02,258140
KV,02,73938
MK,02,423219
CU,02,259231
MC,02,6668
GQ,02,21027
TH,02,188995
IV,02,41506
RI,02,161162
MF,02,2004
TK,02,1806
GR,02,1288601
CT,02,32519
CH,02,1906913
MP,02,68024
CF,02,56797
MD,02,127280
SW,02,520517
TP,02,1216
BD,02,10652
SY,02,1564286
WE,02,110533
KU,02,94148
SG,02,74194
JO,02,224875
BH,02,16563
BU,02,231869
ID,02,554129
KZ,02,83435
AL,02,244352
MH,02,3925
BE,02,615831
CJ,02,7232
HK,02,65365
CW,02,2333
PP,02,21723
PG,02,1033
GK,02,4625
RB,02,116483
NC,02,1716
IM,02,1106
RW,02,55255
AO,02,125310
AA,02,4051
YM,02,288347
PS,02,6507
FR,02,1977976
JN,02,14
SH,02,521
LG,02,69883
JE,02,56494
DR,02,23283
TL,02,248
CD,02,69183
IC,02,94505
JM,02,62412
MO,02,193205
BO,02,141600
SO,02,111725
AN,02,8416
NU,02,69100
TN,02,4290
IZ,02,708287
NI,02,973959
VC,02,4419
GZ,02,41576
,02,6898463
LE,02,220666
BG,02,307064
AQ,02,2491
PE,02,236375
VE,02,718111
VI,02,4898
KG,02,36814
AE,02,148141
PM,02,120168
NP,02,120290
BT,02,10009
DJ,02,14352
NT,02,73
DQ,02,7
OC,02,4037
GG,02,21708
HO,02,103855
SF,02,490811
SB,02,41
KR,02,2863
UV,02,318653
VT,02,25821
BY,02,61020
HU,02,252175
PU,02,5091
SU,02,133838
CA,02,1776149
RS,02,3414090
BK,02,24331
GY,02,28293
BX,02,36995
CS,02,25496
EC,02,121606
AF,02,454185
CI,02,212471
MG,02,18216
SV,02,1322
IO,02,152
TU,02,1766647
TX,02,22739
UP,02,1265640
HR,02,135918
BR,02,803273
AV,02,1763
NL,02,318735
ML,02,128763
NZ,02,253823
AC,02,7676
SM,02,1338
GM,02,1821068
MJ,02,17753
FI,02,135506
WF,02,7
GP,02,19934
NE,02,402
SP,02,1188055
AM,02,168657
MR,02,24887
FJ,02,34627
SC,02,796
BN,02,17747
TZ,02,63389
TO,02,37335
RE,02,12681
MN,02,10997
JQ,02,6
DO,02,12187
MB,02,3983
ST,02,3283
TV,02,1995
BF,02,44877
CG,02,30604
DA,02,201648
MZ,02,24907
ZA,02,52405
UG,02,107987
KT,02,1098
GH,02,278542
ER,02,21548
RP,02,592418
EI,02,476070
RQ,02,103177
NR,02,21536
UK,02,3959115
BL,02,125298
AS,02,2533023
OD,02,55145
WQ,02,57
WA,02,28015
TT,02,7386
WZ,02,6926
NF,02,827
RM,02,3836
IN,02,1935847
IT,02,1128200
ZI,02,203808
SI,02,53946
NG,02,48479
LT,02,9609
IV,03,34028
FP,03,3293
NL,03,282608
AL,03,251340
RS,03,3230351
VC,03,5735
DR,03,28184
AM,03,146449
EZ,03,170686
PA,03,82732
RE,03,11412
TO,03,16080
GI,03,21173
MO,03,175972
TT,03,8205
SM,03,1267
IC,03,40826
SO,03,83490
MF,03,1510
CV,03,3456
IZ,03,503462
GY,03,21886
BO,03,194016
AV,03,1849
BK,03,26956
LT,03,8505
ML,03,96838
JE,03,39346
LE,03,200676
KZ,03,108165
PL,03,405688
CJ,03,6800
BG,03,241512
TU,03,1511437
CD,03,41791
RP,03,542259
LG,03,53243
HA,03,71595
VE,03,684535
MI,03,29844
MN,03,12858
NU,03,61778
CN,03,2064
BH,03,19485
WS,03,8379
SF,03,395434
SB,03,39
ES,03,39034
CH,03,2372232
MQ,03,3
KG,03,41223
CO,03,635225
VM,03,290358
EN,03,74582
CS,03,29119
IS,03,1768036
LI,03,39986
UK,03,3940516
IO,03,115
PO,03,204979
TX,03,22985
SL,03,20324
BD,03,11146
BY,03,35742
SV,03,1145
SE,03,10661
SY,03,1659737
MC,03,6668
SN,03,261696
FJ,03,47851
PF,03,64
BF,03,37076
IP,03,3
BT,03,18707
NS,03,5255
RB,03,181998
EK,03,6496
RI,03,231398
SW,03,386203
BM,03,95498
SC,03,809
VI,03,4628
HU,03,177435
BP,03,4983
IT,03,901946
NT,03,122
US,03,21615526
CQ,03,393
FR,03,2008183
UV,03,193552
BB,03,15489
LO,03,51032
UP,03,925935
SZ,03,417779
KR,03,2055
MR,03,28630
HQ,03,425
ZA,03,40868
RN,03,1246
EG,03,765617
KV,03,85912
RM,03,3416
AF,03,393158
MK,03,503423
CU,03,541476
DA,03,134887
VT,03,24306
BV,03,21
AQ,03,3045
BX,03,58219
DO,03,8750
AN,03,6231
MG,03,23935
WE,03,114396
JM,03,53444
BC,03,22098
GB,03,12383
LQ,03,12
AS,03,1970576
AG,03,92464
CI,03,277027
QA,03,228469
SI,03,54627
BR,03,588729
SP,03,1203718
ET,03,112726
PS,03,10697
GZ,03,29219
GJ,03,6722
ER,03,20724
AC,03,7048
AO,03,41994
PC,03,454
ST,03,4734
WI,03,4298
MY,03,290380
FI,03,133065
ID,03,493373
WF,03,3
AE,03,235524
KS,03,691970
IR,03,1560959
DJ,03,41607
BU,03,303401
GR,03,1277244
SU,03,138026
GM,03,1814747
HO,03,92310
CW,03,2861
CY,03,151768
WA,03,28825
KE,03,259943
LA,03,51367
LS,03,2252
TI,03,22723
MJ,03,25550
GQ,03,21239
OC,03,6347
FK,03,311
TK,03,830
YM,03,214375
NP,03,143165
CB,03,77207
JA,03,912105
PP,03,35938
GP,03,24748
NG,03,64060
GL,03,13464
GH,03,182200
TS,03,92305
CT,03,36278
BE,03,817533
MV,03,19970
AA,03,3944
FQ,03,4
TP,03,1424
NZ,03,256699
NO,03,156364
JO,03,209898
TZ,03,53044
KU,03,95978
NI,03,644740
LH,03,72724
MD,03,112670
CG,03,17750
AU,03,287864
MU,03,70717
RO,03,444343
TD,03,26933
NE,03,469
AY,03,8853
TW,03,131107
PE,03,311292
VQ,03,7206
TH,03,190548
FG,03,954
OS,03,37684
AJ,03,126540
UY,03,102257
CF,03,38766
OD,03,46525
RW,03,50875
PU,03,5085
NC,03,3649
FO,03,886
IM,03,389
NH,03,7943
SG,03,55097
MT,03,62673
WQ,03,44
AR,03,568965
PG,03,592
JQ,03,3
GV,03,34592
GG,03,24254
NR,03,15735
UG,03,94481
CA,03,1595669
RQ,03,94322
LY,03,225574
CE,03,127904
LU,03,64373
MH,03,3464
MX,03,1407850
MZ,03,35726
HK,03,65360
PK,03,591394
WZ,03,5274
EI,03,480136
UZ,03,35099
GA,03,50669
BA,03,67362
CM,03,42439
MB,03,3312
YI,03,2797
,03,4621204
HR,03,133667
TL,03,298
IN,03,1717423
BN,03,21515
BL,03,184369
KT,03,754
SA,03,705848
TV,03,3600
PM,03,134380
MA,03,18989
ZI,03,130425
GK,03,6088
FM,03,5043
GT,03,95756
EC,03,190023
MP,03,66375
SH,03,494
KN,03,816821
NF,03,340
TN,03,14238
HQ,04,1801
AJ,04,637049
TH,04,787271
,04,15418540
AO,04,471937
VT,04,93948
PL,04,1567090
KT,04,9308
WE,04,725557
PF,04,1114
AU,04,1075684
KV,04,280765
PM,04,435702
NF,04,763
BU,04,666745
JQ,04,179
GJ,04,30297
UY,04,292801
PO,04,750266
BE,04,2683465
PE,04,940361
LE,04,1263220
BL,04,479445
RB,04,597504
GZ,04,186840
WA,04,110791
TO,04,77422
US,04,82154362
LA,04,187297
KG,04,179062
NL,04,1101780
CJ,04,20767
GK,04,13901
VC,04,19832
IM,04,3850
NI,04,2768820
RI,04,694850
MI,04,107891
FQ,04,22
GM,04,5980734
NG,04,170098
PA,04,229160
MY,04,1072484
RP,04,1886124
CI,04,922764
NO,04,586680
WS,04,43551
KS,04,2690188
MA,04,66671
PC,04,1674
BY,04,150750
TW,04,474851
GQ,04,79864
GA,04,163832
IZ,04,2770640
FR,04,7616785
UP,04,2928509
IN,04,6150756
IC,04,202716
AY,04,33672
IS,04,8238144
TN,04,31893
SH,04,1813
ZI,04,571663
NC,04,11498
EU,04,6
ER,04,129355
MH,04,10330
AR,04,1935014
CA,04,5275218
SO,04,533931
GT,04,352743
ST,04,13568
PU,04,19022
VE,04,2203430
CB,04,314497
BV,04,32
BA,04,402054
TI,04,114604
EN,04,238825
JA,04,3321048
BG,04,1189790
HA,04,322269
LY,04,1108852
EC,04,539850
LQ,04,37
SN,04,999955
ES,04,193349
UZ,04,193569
GH,04,667867
VI,04,10605
SC,04,3274
GL,04,30771
KZ,04,481803
CQ,04,1122
HR,04,480611
SB,04,370
AG,04,468236
SW,04,1646242
HU,04,668787
SI,04,171469
CM,04,196800
AL,04,1241289
MX,04,4280860
BN,04,73683
QA,04,910386
CV,04,15867
MK,04,1310705
NS,04,18211
FI,04,571795
RO,04,1168692
GR,04,4124726
GI,04,51699
KU,04,608224
AS,04,7043065
BK,04,97570
GB,04,56328
IP,04,14
CY,04,546941
MT,04,245379
TT,04,36121
NE,04,1941
AN,04,25568
DR,04,124938
SM,04,4500
KE,04,993165
DO,04,30707
LT,04,36571
MC,04,30413
MQ,04,14
LI,04,165974
TZ,04,285387
LO,04,174363
MG,04,118449
AA,04,17239
MR,04,131971
CF,04,154240
BX,04,215971
OS,04,170886
KQ,04,4
EK,04,32696
SE,04,62900
EI,04,1506336
TP,04,6473
RM,04,16928
GY,04,104646
NP,04,545171
PS,04,28455
CU,04,1922088
CD,04,191970
UK,04,12178210
RQ,04,284134
WQ,04,417
MJ,04,74989
JN,04,21
TE,04,3
MD,04,238536
NU,04,222863
MO,04,842045
TX,04,118066
TL,04,1020
BH,04,87561
SA,04,3786396
FG,04,4078
LS,04,18061
GG,04,101117
MF,04,4605
LU,04,217183
ZA,04,144844
FJ,04,156589
OC,04,18829
YM,04,1411139
BC,04,99757
NT,04,277
CH,04,7716446
DJ,04,156837
AV,04,6746
RW,04,235762
IO,04,487
NH,04,33777
SY,04,6639121
FM,04,12175
TK,04,6957
BD,04,51564
AF,04,1987254
SU,04,692390
MZ,04,136914
MB,04,12604
CS,04,107343
AC,04,34177
NZ,04,841298
ID,04,2266764
GV,04,150588
AE,04,988042
MN,04,55049
PK,04,2829227
AM,04,812133
FK,04,1377
KN,04,2950242
WF,04,25
JM,04,245419
GP,04,76963
BM,04,424945
SF,04,1663222
SV,04,9500
MP,04,257596
FP,04,11119
CN,04,8429
SG,04,274833
VM,04,1198396
EG,04,5091497
EZ,04,573511
IR,04,4151367
FO,04,3486
BF,04,157180
VQ,04,16367
TU,04,6841677
WI,04,22281
RN,04,4772
NR,04,60703
TS,04,565572
KR,04,18263
AQ,04,6362
DA,04,669697
RE,04,47272
CO,04,1539463
PG,04,4910
TV,04,7049
BP,04,21836
ET,04,486228
HO,04,337144
TD,04,114264
IT,04,4568228
BR,04,2364562
BO,04,527715
IV,04,144871
SP,04,4017483
LH,04,316551
WZ,04,24649
DQ,04,19
CT,04,120427
UV,04,570716
OD,04,204809
ML,04,464455
UG,04,461732
BB,04,61104
YI,04,9242
BT,04,64826
JO,04,1222696
JE,04,154898
MU,04,405361
CE,04,475317
CW,04,12884
MV,04,93632
HK,04,251004
SZ,04,1626637
PP,04,129471
SL,04,116237
RS,04,11853043
LG,04,205846
CG,04,86074
SP,05,1196953
NG,05,78004
NH,05,9564
JE,05,54001
GH,05,275590
KZ,05,108345
MT,05,59218
RB,05,148037
PO,05,369564
TO,05,26597
FK,05,198
AQ,05,2459
NT,05,72
AS,05,2227644
LT,05,12638
MY,05,263260
IR,05,2009772
AY,05,5989
TP,05,6472
SU,05,258659
MP,05,71074
WS,05,13556
MD,05,133008
PM,05,106934
SG,05,94290
MC,05,6468
BT,05,18452
NF,05,505
TH,05,181620
JA,05,814426
MO,05,349654
WZ,05,8233
GB,05,21767
BX,05,54254
VT,05,35239
LG,05,68319
ET,05,147872
NO,05,209041
OD,05,74124
NP,05,119594
AV,05,2327
MU,05,114909
PK,05,783868
LE,05,329207
KR,05,6627
DO,05,12240
WQ,05,41
GY,05,29326
IT,05,1306906
UP,05,1199964
GK,05,5959
KN,05,644098
SB,05,131
SO,05,140754
GG,05,34690
MB,05,3339
LA,05,30990
PE,05,232467
PU,05,6624
HA,05,81201
UK,05,4050314
OS,05,37023
HU,05,224901
MV,05,28504
RP,05,658468
NZ,05,288993
FG,05,1111
BB,05,18742
ML,05,235823
LO,05,59427
AJ,05,187336
CA,05,1727859
IO,05,401
JN,05,3
CY,05,147231
SL,05,35247
MN,05,16790
UG,05,115666
SF,05,476024
,05,4805185
KG,05,55204
GT,05,83664
TD,05,32399
SZ,05,386216
PP,05,25916
FQ,05,8
CD,05,48253
EI,05,477865
BP,05,6313
EK,05,10780
AA,05,2650
MA,05,23478
GV,05,53627
GR,05,913729
PG,05,298
ZA,05,56672
MK,05,385252
ER,05,40167
SI,05,178875
EZ,05,180959
NR,05,17723
NC,05,2783
QA,05,323142
AG,05,139076
BF,05,36974
BY,05,50648
LI,05,66677
ES,05,56501
TU,05,2181583
PC,05,341
AE,05,333717
RI,05,199023
RM,05,3541
AM,05,284123
EC,05,124261
SE,05,13288
VQ,05,4212
CV,05,5105
CS,05,23305
GI,05,17991
BL,05,145065
RE,05,11902
LH,05,110718
SA,05,1120943
TK,05,3346
CJ,05,6336
IV,05,53274
PS,05,7013
IC,05,53533
SN,05,255543
GJ,05,12553
JM,05,73351
LU,05,56622
TX,05,42733
GP,05,18424
NL,05,330146
MX,05,1110130
GA,05,72193
WA,05,30432
RQ,05,76977
GQ,05,18643
MG,05,29161
GL,05,7063
VM,05,414618
KV,05,86492
NS,05,6447
HR,05,150425
BD,05,12111
IN,05,1636841
UY,05,74039
AU,05,271322
CN,05,3659
LS,05,4965
TW,05,160336
SY,05,2018579
US,05,25848369
IS,05,3301402
CM,05,63624
BN,05,23590
GM,05,1768189
BE,05,572587
WI,05,10476
CU,05,630962
YI,05,4848
TV,05,2958
SH,05,550
LY,05,378727
UV,05,264294
AL,05,253306
PL,05,508444
RS,05,3474353
AO,05,279051
PF,05,101
ZI,05,181512
AF,05,548042
KE,05,236558
PA,05,64344
FM,05,2166
TZ,05,80580
FR,05,2312911
IM,05,384
CW,05,4088
KU,05,204631
SC,05,1691
NE,05,612
BU,05,252573
TL,05,585
KT,05,465
FO,05,988
BC,05,24141
CO,05,649401
ID,05,583865
AR,05,455941
BA,05,146088
UZ,05,53721
TT,05,15922
MZ,05,33285
BK,05,33817
EG,05,1444927
NU,05,79058
FI,05,143752
MF,05,1211
WF,05,9
WE,05,169241
BH,05,17916
CG,05,25348
KS,05,618482
FJ,05,48091
TN,05,7462
MH,05,3333
DA,05,167696
DR,05,26903
BO,05,215022
CI,05,241726
CH,05,2425245
BR,05,647895
JO,05,337367
BG,05,275659
BM,05,112935
RW,05,83499
MJ,05,30925
TI,05,31602
MI,05,37030
RN,05,1404
SW,05,428908
CE,05,129869
EN,05,78962
VE,05,647703
IZ,05,866350
CB,05,86156
CT,05,33725
CQ,05,606
HQ,05,44
NI,05,1015420
CF,05,53390
RO,05,476002
VI,05,2376
FP,05,2336
AC,05,7939
SM,05,3640
HK,05,58640
TS,05,160806
MR,05,45467
ST,05,5813
GZ,05,81012
SV,05,1390
VC,05,5467
DJ,05,39107
OC,05,3878
HO,05,90182
AN,05,8822
YM,05,510205
HO,06,21809
DR,06,5586
VQ,06,2039
PO,06,39268
CJ,06,1873
WI,06,736
SC,06,281
DO,06,2693
LI,06,11960
MD,06,23565
CD,06,12484
GK,06,1401
LH,06,26533
SL,06,7612
NT,06,313
NP,06,40400
KV,06,14440
MN,06,2642
MO,06,94183
TH,06,72562
,06,1085237
RO,06,84520
LY,06,69884
IS,06,378649
FG,06,208
WS,06,2704
GZ,06,7677
PS,06,898
IR,06,334659
NZ,06,69163
GP,06,2598
KE,06,60552
MH,06,368
DJ,06,7203
JO,06,47622
AS,06,616865
FI,06,31718
HA,06,23245
WA,06,11191
BY,06,6878
BD,06,3253
VC,06,1152
GB,06,3208
QA,06,49032
BT,06,3503
SU,06,36037
OS,06,13622
MY,06,95530
RW,06,16144
FQ,06,4
AR,06,95446
ZI,06,57461
MR,06,4450
PE,06,51925
GI,06,1571
IN,06,436059
MJ,06,3350
AU,06,36443
FO,06,231
EG,06,206630
PL,06,73822
KZ,06,21041
GA,06,10296
BN,06,5106
HU,06,36334
LU,06,7074
CN,06,590
BC,06,7247
AL,06,56621
CW,06,741
IZ,06,239656
MA,06,4782
BG,06,85284
EK,06,1288
FJ,06,14558
CO,06,77749
SW,06,82238
OD,06,18185
GQ,06,5873
ES,06,10521
WZ,06,2406
MB,06,531
MZ,06,8989
PF,06,15
SM,06,197
CG,06,6491
YM,06,86800
TX,06,9267
GH,06,58544
NF,06,50
AJ,06,62452
BO,06,32984
SO,06,41698
IM,06,188
TI,06,7692
FR,06,358927
PU,06,1863
PG,06,80
MK,06,32301
UP,06,260802
IV,06,10230
LS,06,803
WQ,06,8
MF,06,145
HK,06,24764
AQ,06,465
RE,06,1251
AY,06,1243
SB,06,26
MC,06,1686
ML,06,43951
TV,06,357
CS,06,6433
BA,06,19069
KS,06,172301
US,06,5224874
BX,06,12492
GL,06,1602
RB,06,19738
IT,06,245440
MU,06,17684
DA,06,49405
MG,06,6706
NS,06,1169
TO,06,3145
SV,06,194
LO,06,11645
ZA,06,12637
TL,06,33
VI,06,888
AE,06,59892
TN,06,2606
UZ,06,10665
MT,06,14792
GM,06,312340
SE,06,2260
NC,06,463
BF,06,11132
AM,06,62216
TS,06,21863
BM,06,22694
NO,06,49148
SG,06,14031
EZ,06,36146
NR,06,3443
PP,06,6573
JQ,06,4
KN,06,132468
PA,06,12523
PC,06,110
GG,06,8457
PK,06,182058
FP,06,311
AO,06,14976
BK,06,5370
CI,06,46218
RS,06,706689
GT,06,20035
OC,06,1537
FM,06,679
AA,06,811
CV,06,689
ET,06,27531
BL,06,30395
AV,06,503
SY,06,376856
ID,06,151131
KR,06,549
MX,06,334847
ER,06,5633
TZ,06,19759
NE,06,150
NG,06,18200
FK,06,30
CE,06,50171
TP,06,217
LG,06,12885
BE,06,91190
RQ,06,22050
YI,06,766
RI,06,33405
CA,06,559041
CF,06,12322
LE,06,65990
GR,06,160006
BR,06,180175
CH,06,930246
MP,06,12946
CQ,06,140
UG,06,28389
MV,06,4481
SI,06,8368
NU,06,11999
BP,06,1548
RM,06,1530
GY,06,7233
CB,06,27879
AC,06,1527
IC,06,12031
UV,06,25340
JE,06,8845
AF,06,148942
CU,06,73867
NH,06,2738
WE,06,23149
KT,06,742
ST,06,1027
LA,06,9425
KU,06,26279
NI,06,201203
NL,06,80895
LT,06,3163
BH,06,6525
SZ,06,97276
CY,06,27567
TD,06,8591
JM,06,18740
KG,06,11256
SH,06,117
VM,06,97427
UK,06,722240
SA,06,183775
SN,06,63345
VE,06,107137
JA,06,265173
GJ,06,1671
AG,06,21162
SP,06,186351
IO,06,98
BU,06,51635
RP,06,153461
HQ,06,69
GV,06,9090
MI,06,8220
AN,06,788
SF,06,125333
CM,06,19309
EI,06,87833
TK,06,150
UY,06,17432
VT,06,4202
EN,06,14001
TU,06,348576
PM,06,26876
TT,06,2042
TW,06,44970
HR,06,23081
EC,06,25537
BB,06,4404
RN,06,198
CT,06,6117
PL,07,156731
IR,07,376010
MR,07,10160
NS,07,1323
LH,07,50179
DR,07,9610
MJ,07,5825
LU,07,25896
SL,07,17365
CO,07,130013
NH,07,6033
RB,07,37895
IS,07,760692
MD,07,27069
LA,07,10937
ML,07,60715
GY,07,8112
RM,07,2194
FK,07,252
SV,07,668
SM,07,450
EK,07,2904
MN,07,3052
GP,07,6897
CJ,07,7373
LT,07,4423
SH,07,154
NF,07,79
RW,07,30840
RQ,07,85531
CS,07,10606
CV,07,1922
KG,07,13131
AN,07,3321
CG,07,9271
AS,07,1087530
FO,07,392
JN,07,4
MU,07,34375
VT,07,6314
GI,07,4731
US,07,14488489
VQ,07,2914
TW,07,50667
RO,07,183806
FP,07,709
PC,07,78
CT,07,18549
SF,07,172857
MY,07,160746
TT,07,4163
ER,07,13029
AG,07,39586
ET,07,50322
OS,07,31378
HR,07,58034
CQ,07,329
IM,07,137
BG,07,137145
JA,07,364923
AQ,07,1039
UZ,07,8304
HQ,07,6
OC,07,1863
PP,07,14253
ID,07,308907
MH,07,718
KT,07,335
BK,07,10256
SI,07,19286
PO,07,124263
BL,07,33415
BP,07,2242
SY,07,976085
NU,07,23728
MK,07,61922
GQ,07,9337
CE,07,52134
HO,07,35009
GR,07,575964
IZ,07,494247
SG,07,42778
VI,07,2285
FG,07,433
LI,07,25496
PS,07,1960
YM,07,219348
UG,07,65484
TK,07,524
MF,07,429
AL,07,46042
HA,07,65632
NP,07,112536
TS,07,49336
PM,07,39783
JO,07,146611
TH,07,103614
GZ,07,44029
IO,07,17
MZ,07,14784
GM,07,638121
TO,07,7021
NL,07,119889
MC,07,2264
PU,07,1733
UV,07,51954
LO,07,22517
GA,07,18412
NC,07,968
FJ,07,16548
KR,07,1924
NI,07,420873
GK,07,2046
WA,07,12525
CU,07,109689
BE,07,186895
FR,07,668063
AY,07,5381
UK,07,1362541
RP,07,246129
NO,07,106943
TL,07,131
VE,07,182696
GT,07,39833
BH,07,7213
DO,07,6025
BR,07,256931
GJ,07,2793
SN,07,87862
LE,07,185499
VM,07,98268
AV,07,759
BB,07,5100
PG,07,254
AO,07,71146
BF,07,21034
BT,07,4086
BY,07,20900
GV,07,15658
PF,07,75
MP,07,19348
NG,07,24299
TX,07,6203
TZ,07,37963
KU,07,75948
MX,07,475756
WI,07,2155
ES,07,20773
CI,07,66185
SE,07,3260
RI,07,54425
BO,07,40868
SU,07,84199
BU,07,75832
CB,07,32974
GB,07,4443
MV,07,5507
PK,07,308217
SP,07,361012
AR,07,134024
AF,07,292750
MI,07,19923
DJ,07,12485
BC,07,9084
WZ,07,2747
SB,07,14
YI,07,899
MA,07,7047
IC,07,16201
CW,07,1418
BX,07,12683
BA,07,36131
NZ,07,120643
CY,07,41272
TI,07,8652
LG,07,42528
AE,07,169463
EC,07,62801
LQ,07,5
MG,07,8674
GH,07,101361
UP,07,464872
BM,07,40635
EN,07,32136
PE,07,79910
EZ,07,68352
GG,07,8998
AA,07,1105
IV,07,16386
WE,07,93101
ZA,07,18513
EI,07,148557
FM,07,1713
OD,07,33353
TN,07,2044
MO,07,97507
UY,07,21401
IN,07,652647
LS,07,1423
NR,07,8915
KZ,07,27518
SW,07,185038
TU,07,601506
DA,07,98905
HK,07,29067
HU,07,95729
TV,07,558
FI,07,51239
KE,07,119507
IT,07,581992
,07,2127836
VC,07,1787
BD,07,4954
BN,07,7609
ZI,07,68114
NE,07,291
SC,07,311
ST,07,1703
CD,07,62783
CM,07,31249
PA,07,13728
KN,07,146082
MB,07,1348
AM,07,59182
QA,07,142042
WS,07,4088
TD,07,9215
CF,07,23977
DQ,07,4
GL,07,4025
JE,07,29602
SZ,07,173934
SA,07,398485
RN,07,600
AU,07,80068
EG,07,510122
TP,07,404
AJ,07,41974
AC,07,4532
CH,07,878308
RE,07,2408
WQ,07,847
CN,07,824
JM,07,23947
LY,07,210918
RS,07,1071935
MT,07,39205
SO,07,96936
KV,07,16072
CA,07,779978
KS,07,223813
NT,07,38
JO,08,129475
WA,08,11982
WI,08,2584
IT,08,426913
BC,08,8019
UG,08,66390
NL,08,135732
BH,08,8386
EN,08,21164
OS,08,15191
GT,08,49280
SZ,08,160844
TV,08,421
LY,08,167390
MH,08,1367
GA,08,52456
EZ,08,66363
NG,08,20941
BU,08,74104
LG,08,27022
NU,08,29563
NF,08,280
IS,08,1159380
IV,08,22068
UZ,08,15017
ML,08,62771
IN,08,966857
MO,08,88820
SP,08,413438
VC,08,1346
SM,08,318
ES,08,21244
BT,08,5339
GK,08,1453
GV,08,15819
AE,08,73820
DO,08,3128
UY,08,34046
NS,08,1928
BN,08,8733
PS,08,1844
NO,08,75515
BB,08,4398
BL,08,40204
LU,08,17518
LI,08,18389
RN,08,442
GL,08,3478
TP,08,331
CH,08,794164
TT,08,3128
NP,08,54215
PG,08,643
GI,08,4851
EC,08,48985
AV,08,358
BD,08,4632
BF,08,14751
FQ,08,3
AC,08,2917
BE,08,219956
TZ,08,26441
KU,08,51852
TL,08,62
MX,08,467524
MB,08,1218
GP,08,6433
KZ,08,33666
NZ,08,94657
MI,08,11356
NE,08,121
OD,08,44766
UK,08,1476702
NH,08,2172
RM,08,1677
AS,08,893831
AO,08,302853
CF,08,41777
KG,08,16416
TN,08,1545
VE,08,270499
LH,08,37365
CE,08,75739
SG,08,35374
DJ,08,15246
TK,08,525
ZA,08,18341
RI,08,60158
EK,08,3098
FK,08,117
SI,08,16651
NC,08,552
BO,08,85594
US,08,12194247
RB,08,53221
SF,08,247208
GQ,08,7802
CA,08,860322
FG,08,498
IO,08,60
BY,08,39456
MR,08,13652
NT,08,49
ID,08,199959
MP,08,23364
TU,08,841806
NI,08,450340
AG,08,41155
AM,08,91896
RQ,08,24892
EG,08,676320
SV,08,383
EI,08,170599
DR,08,10865
MF,08,552
SH,08,246
HR,08,68369
TX,08,8345
PE,08,136532
AY,08,3026
VM,08,114191
BP,08,1414
FR,08,825436
KV,08,28329
JM,08,22524
UV,08,48692
TO,08,11843
IM,08,523
TW,08,57872
VQ,08,2074
CS,08,8956
PU,08,1812
PM,08,49839
PK,08,404496
KT,08,416
OC,08,1681
AR,08,131478
ER,08,15514
AA,08,2102
BM,08,85375
NR,08,8641
TD,08,11605
WE,08,66161
CU,08,187462
IC,08,30464
MT,08,25087
AN,08,2773
MU,08,32190
SL,08,13752
SA,08,370826
MD,08,39453
BK,08,10691
PC,08,111
SE,08,2677
GG,08,12465
RP,08,280547
PL,08,163216
TS,08,59395
,08,2398837
GZ,08,32544
KR,08,456
WQ,08,265
TI,08,9561
BA,08,41824
RO,08,222320
MC,08,3288
KS,08,244044
TH,08,101460
FI,08,60748
HK,08,40029
CM,08,42252
HO,08,34304
CV,08,1209
SW,08,198557
MK,08,121998
ST,08,1075
ZI,08,100755
LS,08,767
MY,08,137945
FO,08,328
GH,08,74333
KE,08,103327
FJ,08,11042
CY,08,36359
SB,08,35
SC,08,219
MJ,08,6505
PF,08,140
GR,08,325941
AU,08,84422
GY,08,9758
BG,08,218555
JA,08,318885
MA,08,6722
GJ,08,3253
CN,08,952
RS,08,1491421
LO,08,28827
PA,08,19672
BR,08,368628
FP,08,605
WZ,08,2505
YI,08,1807
SY,08,1210319
BX,08,22064
LE,08,192361
SO,08,97788
CG,08,17006
DA,08,90113
CQ,08,64
LA,08,7780
HA,08,37557
CB,08,47914
CI,08,93287
RE,08,4020
CJ,08,2561
VT,08,7860
AF,08,349573
MV,08,21747
SU,08,118094
MN,08,5123
CT,08,18744
AJ,08,55017
FM,08,588
QA,08,71445
WS,08,3071
HQ,08,48
CD,08,23895
LT,08,4088
AL,08,60502
AQ,08,627
CO,08,206554
MG,08,10509
IZ,08,559132
HU,08,82881
MZ,08,13045
PO,08,107487
GM,08,639061
YM,08,330732
GB,08,7688
PP,08,9234
VI,08,1527
CW,08,1108
KN,08,310440
JQ,08,4
SN,08,67947
JE,08,23225
ET,08,60208
IR,08,736939
UP,08,684190
RW,08,49991
FR,09,565645
AR,09,112497
EC,09,33564
RO,09,169439
MK,09,55634
RI,09,35395
WI,09,2551
AG,09,25596
NG,09,10926
SA,09,215690
FO,09,634
KR,09,3079
FP,09,578
MX,09,323800
GP,09,4891
BC,09,4334
FI,09,53517
VI,09,1104
BU,09,59360
PA,09,12348
AS,09,762502
GV,09,9779
IN,09,629931
ID,09,246388
TK,09,1042
CM,09,11643
IZ,09,173718
CI,09,56780
EI,09,105650
AN,09,1931
HR,09,45094
SO,09,34379
MT,09,19532
MR,09,4928
RM,09,1816
CF,09,13952
PG,09,92
MV,09,6582
IT,09,338863
EK,09,1175
MI,09,6239
RB,09,27416
WZ,09,1036
CT,09,8711
HA,09,23176
BB,09,3084
BG,09,108990
UG,09,23381
CV,09,1133
BR,09,296018
AV,09,212
TO,09,3743
MY,09,151984
SW,09,225529
SU,09,29252
VM,09,45300
BF,09,26671
SC,09,188
PS,09,1211
LH,09,47413
AJ,09,29554
PO,09,52363
AF,09,125925
RN,09,296
ER,09,4762
OD,09,10247
IO,09,26
UV,09,47789
AE,09,46877
KN,09,121762
RS,09,1341143
TI,09,4404
JO,09,57222
GM,09,531543
PE,09,70114
AU,09,61965
CH,09,517804
MN,09,3427
BN,09,4349
GB,09,3938
DA,09,79278
IV,09,8073
GR,09,207370
SM,09,343
BY,09,13525
LQ,09,6
PK,09,204043
BA,09,14092
SL,09,7463
TS,09,36522
NE,09,68
NH,09,1090
HO,09,24151
EG,09,318612
JQ,09,35
BV,09,4
JM,09,14159
LT,09,2101
TZ,09,17082
TL,09,48
CB,09,21572
MP,09,17973
US,09,8262132
SF,09,119783
CN,09,791
SN,09,45180
IM,09,699
LY,09,65517
,09,2703094
TX,09,3819
SY,09,427294
CG,09,6936
KE,09,64133
KS,09,155945
VQ,09,1044
GJ,09,1997
QA,09,28673
ZI,09,63724
MU,09,15471
RE,09,7954
KT,09,1070
VT,09,4883
MC,09,2437
PM,09,44216
GY,09,8949
SZ,09,121093
LA,09,4462
UZ,09,9522
GL,09,4427
BO,09,41182
PU,09,707
SI,09,21066
MB,09,878
NC,09,462
RW,09,11198
DJ,09,10012
WS,09,2070
GG,09,7264
HQ,09,204
KU,09,25605
NL,09,116195
TV,09,114
EZ,09,39363
GI,09,2681
OS,09,17365
PF,09,24
SV,09,1013
BP,09,1353
TW,09,32251
TN,09,1017
ET,09,13179
AA,09,1173
CO,09,112326
CY,09,37660
PC,09,356
ES,09,13270
GT,09,31843
UK,09,1203471
NP,09,42049
GA,09,9723
YI,09,1210
NF,09,24
LU,09,13165
CA,09,459089
DR,09,7846
LO,09,19140
NZ,09,73279
MG,09,4124
DO,09,2062
KZ,09,23980
CW,09,450
HU,09,44221
MJ,09,4594
MA,09,7644
SE,09,1786
PP,09,7084
AO,09,15915
BH,09,7549
CD,09,12289
JE,09,13256
AL,09,69250
BM,09,32614
CS,09,7208
SP,09,257735
LG,09,22991
SG,09,11999
IR,09,241245
TU,09,576529
AC,09,1043
RP,09,145239
CE,09,37220
EN,09,20336
CU,09,51747
GZ,09,9591
SB,09,11
IS,09,475776
TH,09,81139
AY,09,5443
GQ,09,4717
VC,09,1867
MO,09,47440
LS,09,873
LI,09,9541
MD,09,28715
MH,09,504
NR,09,5266
FJ,09,7610
UY,09,16743
KV,09,15582
HK,09,18122
GK,09,1765
GH,09,50256
UP,09,430128
RQ,09,21161
BL,09,28705
VE,09,137157
NO,09,48484
NI,09,182524
KG,09,37923
NU,09,12592
JA,09,184210
PL,09,107332
MZ,09,11804
SH,09,192
BE,09,172229
MF,09,202
WQ,09,4
WE,09,48230
NS,09,1335
YM,09,67384
TT,09,2192
FK,09,71
FG,09,394
BK,09,8556
FM,09,1710
AM,09,36548
WA,09,6444
ZA,09,7661
AQ,09,340
LE,09,56005
OC,09,2571
BX,09,6545
ST,09,639
BT,09,1663
TD,09,9279
CJ,09,2009
ML,09,25197
IC,09,22909
NT,09,14
BD,09,3977
CQ,09,84
TP,09,265
PP,10,4061
NT,10,10
GK,10,478
IS,10,446202
NZ,10,29380
UP,10,242490
ER,10,3806
MX,10,188776
CQ,10,22
HU,10,28792
CG,10,4871
PS,10,1164
SI,10,5325
CH,10,319724
SH,10,39
UK,10,581420
NR,10,4501
BD,10,1267
MT,10,10560
TK,10,136
IR,10,223835
SV,10,78
NL,10,44607
MR,10,4189
NU,10,14106
JA,10,78818
IT,10,136875
SM,10,110
GG,10,5005
KZ,10,9982
EC,10,22234
PA,10,7786
MY,10,66421
GQ,10,3395
MD,10,23219
NF,10,173
FM,10,264
JE,10,5725
AJ,10,24562
TP,10,114
CT,10,4613
CS,10,3610
IO,10,38
TD,10,5782
ST,10,485
LE,10,48382
VE,10,160772
BR,10,120478
IM,10,37
MG,10,3008
DO,10,1323
PK,10,182486
ZA,10,12376
TS,10,17566
YM,10,55525
TU,10,328854
CJ,10,859
ET,10,15235
US,10,3743567
IZ,10,190059
AC,10,960
AL,10,33244
BU,10,25329
GR,10,141334
MU,10,5175
FO,10,84
AN,10,1428
MI,10,6667
LH,10,10169
GI,10,1910
NE,10,117
IC,10,13962
LY,10,44468
EZ,10,19221
TZ,10,11477
BT,10,1349
ES,10,10107
KR,10,287
MF,10,181
CU,10,44534
CY,10,25070
PU,10,776
NS,10,866
RQ,10,12448
CD,10,8621
PL,10,62540
SO,10,24595
CF,10,12406
FI,10,13355
CM,10,11729
CE,10,23761
SL,10,4279
GB,10,2555
LT,10,1591
SA,10,142736
GA,10,12303
HO,10,18440
TV,10,65
UZ,10,5560
GP,10,2666
LO,10,9501
MB,10,439
SU,10,39820
RN,10,117
AG,10,18189
MV,10,10646
BM,10,15568
KT,10,568
CN,10,339
GJ,10,905
PF,10,31
AF,10,88545
,10,833706
RW,10,9157
FK,10,23
MH,10,542
LG,10,5565
PM,10,23664
QA,10,24404
NC,10,309
AE,10,23862
SZ,10,53832
RO,10,95633
EI,10,67131
TI,10,3192
UV,10,27193
TN,10,681
AA,10,457
HK,10,10647
EK,10,1995
BN,10,2404
VC,10,459
OC,10,723
WZ,10,1400
SE,10,1117
KG,10,7258
VI,10,461
NI,10,219375
AM,10,40882
MP,10,11717
NO,10,21228
BX,10,6523
BO,10,29106
WE,10,36105
BF,10,5203
BK,10,4135
BY,10,16428
BE,10,89051
SW,10,89099
PC,10,14
KU,10,17947
KS,10,84935
PG,10,499
RS,10,574192
WI,10,2622
RI,10,31024
KE,10,49665
AY,10,1637
WQ,10,3
GZ,10,6796
SF,10,92031
AS,10,346293
JO,10,29331
EN,10,7229
DR,10,4165
LS,10,352
LI,10,7981
PO,10,21682
WA,10,5134
YI,10,549
AO,10,12557
SC,10,78
VQ,10,919
MO,10,34437
BA,10,13630
ID,10,81426
BC,10,3745
MZ,10,3779
AV,10,88
IN,10,407234
VM,10,31990
KN,10,132993
FR,10,253806
SN,10,21840
CB,10,13487
VT,10,4849
FP,10,337
AQ,10,206
RB,10,25105
GV,10,7223
UG,10,22216
PE,10,45087
MJ,10,3445
AR,10,67326
WS,10,1477
BH,10,2459
SP,10,244711
GT,10,25352
BP,10,812
RP,10,118903
GH,10,42107
MC,10,769
LU,10,7067
TH,10,37504
OD,10,11814
RM,10,448
MK,10,46547
LA,10,2599
HA,10,14105
CO,10,65560
NP,10,20141
UY,10,9104
TO,10,4324
RE,10,1061
TT,10,963
JM,10,7213
BG,10,62046
HR,10,22547
ML,10,25211
MN,10,1401
OS,10,4451
NG,10,6941
TL,10,24
CW,10,245
CI,10,37143
AU,10,26494
MA,10,1722
BL,10,22651
GY,10,4792
TX,10,3455
ZI,10,42155
TW,10,20746
IV,10,6377
SY,10,311653
FJ,10,4891
GL,10,1431
BB,10,1925
CA,10,229730
CV,10,399
GM,10,227869
KV,10,16267
EG,10,129883
FG,10,50
SG,10,11685
DJ,10,3536
NH,10,924
DA,10,25713
PM,11,83712
TL,11,162
BG,11,372292
PA,11,36555
EZ,11,122204
AV,11,514
KU,11,65870
RB,11,93504
AJ,11,91700
QA,11,281856
SH,11,218
MX,11,832080
ET,11,82679
AE,11,122070
CJ,11,4137
SM,11,746
SV,11,387
SC,11,349
AG,11,73122
PK,11,985137
IT,11,692375
PU,11,4160
AN,11,5516
HQ,11,49
RE,11,5373
JQ,11,9
SZ,11,273205
FR,11,1615845
CO,11,236511
BK,11,25964
GL,11,4043
IM,11,223
BC,11,17300
CI,11,184473
LQ,11,7
IR,11,1394235
GQ,11,20510
FQ,11,3
KR,11,2107
RS,11,3503995
BB,11,9340
VM,11,182532
LO,11,44855
GG,11,20236
JO,11,180731
ML,11,100061
DR,11,21007
WQ,11,4
TI,11,16257
VC,11,5400
NU,11,63310
BA,11,94913
UG,11,112523
KV,11,46809
EK,11,7430
MK,11,169799
WE,11,142154
CG,11,25949
MA,11,10849
BR,11,580241
ID,11,382776
TD,11,22341
SU,11,153746
AR,11,291096
WZ,11,5674
OS,11,21140
KS,11,495495
HR,11,82410
RI,11,93214
ZI,11,247073
BY,11,68093
GV,11,30430
GK,11,3301
ZA,11,40219
LS,11,1213
FM,11,1191
US,11,24327348
GB,11,16364
LE,11,213191
DJ,11,16549
BD,11,5525
RP,11,629088
PG,11,1728
PL,11,297873
VQ,11,4130
LY,11,224994
ES,11,42277
CY,11,62980
IV,11,30899
GJ,11,3770
SY,11,1975958
BH,11,13576
NI,11,891546
GT,11,96634
SF,11,439647
NG,11,44194
HU,11,167653
BN,11,12353
BQ,11,3
WA,11,19858
MV,11,35817
AY,11,3057
CB,11,81835
VT,11,20503
TW,11,98206
OD,11,71214
TK,11,855
MR,11,17339
NT,11,35
FP,11,1470
ST,11,2292
CF,11,52575
CQ,11,245
KN,11,589267
NC,11,1011
PF,11,879
IN,11,1949169
GA,11,42030
NO,11,102755
MZ,11,20654
GR,11,496334
IC,11,31395
IZ,11,753231
BM,11,112170
LI,11,29160
UY,11,40037
YM,11,330564
FG,11,233
MY,11,269226
AS,11,1932478
CW,11,991
MI,11,24951
PO,11,110467
PP,11,17228
PE,11,180382
TS,11,120961
SA,11,879191
GZ,11,43785
KG,11,22277
LT,11,7136
TO,11,13823
SO,11,158975
MB,11,2411
JM,11,37797
TN,11,3353
MT,11,41734
PS,11,4830
PC,11,502
EG,11,798322
SN,11,114602
EI,11,300861
FK,11,30
EN,11,37120
AU,11,137586
MG,11,13130
MP,11,42779
NE,11,102
AF,11,606365
SP,11,779231
SE,11,2961
NL,11,251545
DO,11,6628
SG,11,47647
IS,11,2491689
FO,11,427
MJ,11,18360
SI,11,32939
CN,11,1841
UK,11,3075841
SB,11,27
BX,11,72948
LU,11,29559
TT,11,6349
GP,11,11886
CS,11,16001
AC,11,4917
SL,11,20508
CH,11,1778310
BE,11,403688
MF,11,1084
MU,11,28066
BU,11,100673
VE,11,667815
HA,11,75342
,11,4012160
WI,11,4813
LG,11,38431
DA,11,133045
CT,11,33290
AQ,11,4629
TU,11,2195205
IO,11,48
HO,11,80332
JA,11,478231
OC,11,2054
FI,11,98326
NF,11,281
KZ,11,41740
KE,11,267847
CE,11,109715
AO,11,42154
RQ,11,66373
UV,11,103305
BT,11,6976
ER,11,21299
YI,11,3377
MD,11,57270
CU,11,211417
RW,11,63521
RM,11,4369
TH,11,192209
CA,11,1168424
TV,11,1079
UP,11,962971
CM,11,50000
LH,11,51951
MH,11,2428
NH,11,2064
AA,11,1884
TX,11,13120
VI,11,2009
RN,11,581
EC,11,74279
GI,11,10783
MN,11,8503
TZ,11,49941
JE,11,43804
GY,11,21000
AM,11,148478
BL,11,97140
BF,11,29875
AL,11,149641
BO,11,80546
SW,11,353649
CV,11,1527
RO,11,342886
TP,11,1081
NP,11,68453
WS,11,5513
NR,11,18719
MC,11,5226
MO,11,150602
FJ,11,15928
NZ,11,150234
CD,11,44927
HK,11,59624
BP,11,1674
KT,11,1444
LA,11,13063
UZ,11,27944
NS,11,2758
GM,11,1287772
GH,11,185520
IS,12,1156863
CD,12,16396
NF,12,67
GG,12,8372
GH,12,61029
HK,12,28599
HO,12,25469
KR,12,1611
WZ,12,2176
MA,12,4166
TX,12,5944
UP,12,453447
MK,12,128669
TL,12,64
MZ,12,8989
US,12,10156888
BM,12,46449
KS,12,217587
EG,12,344849
BL,12,51050
SF,12,154878
BD,12,3690
MN,12,3948
CM,12,12474
KZ,12,27227
KN,12,285220
JM,12,16627
UY,12,21599
LU,12,17671
CT,12,5991
FR,12,655227
RW,12,18871
FM,12,747
PS,12,2357
ID,12,188228
PL,12,161110
UG,12,38125
AN,12,1818
BY,12,23723
AM,12,66132
RN,12,228
FJ,12,7394
WE,12,44212
CH,12,786713
LT,12,2004
GV,12,11814
SP,12,406510
TZ,12,20983
CQ,12,360
MV,12,8906
KE,12,82038
MT,12,29327
AU,12,89801
ST,12,834
DA,12,68336
EC,12,41840
IZ,12,282096
FP,12,941
ZA,12,14928
SE,12,1600
CG,12,10150
SZ,12,173827
UV,12,28900
NG,12,12631
CF,12,19797
EK,12,2184
MI,12,6759
SM,12,370
NL,12,116321
KT,12,396
GL,12,2260
AO,12,51938
BF,12,11460
AE,12,48107
AQ,12,1114
MF,12,482
GB,12,6612
WI,12,2317
AC,12,1127
KU,12,37017
PK,12,318323
CS,12,7064
BB,12,3564
SO,12,38682
LY,12,114662
BE,12,225599
AV,12,305
JN,12,3
AG,12,37399
OC,12,1432
DJ,12,8807
CV,12,1148
IR,12,686732
GT,12,34936
MB,12,970
NI,12,325700
BR,12,290538
RB,12,70774
PU,12,1693
LO,12,26758
GI,12,8707
OD,12,22381
RO,12,181354
HU,12,111605
YM,12,137044
HQ,12,4
GR,12,388277
NO,12,65577
VI,12,827
TT,12,2681
CA,12,542880
FG,12,143
GY,12,9197
SL,12,6429
PF,12,9157
AA,12,740
SW,12,180645
FK,12,56
SI,12,17977
GZ,12,22028
TK,12,385
ML,12,35128
CY,12,41041
EN,12,24484
GQ,12,5537
NC,12,719
MH,12,1099
ER,12,8785
CI,12,89075
LA,12,8163
DO,12,2380
SN,12,56586
BK,12,15335
LG,12,25189
BP,12,721
TD,12,9058
JA,12,197704
OS,12,11182
WA,12,9290
SU,12,64136
TH,12,66249
NR,12,11209
BN,12,5039
QA,12,87638
BU,12,62935
HR,12,46624
HA,12,26249
AL,12,85997
WQ,12,34
RE,12,3758
LH,12,32829
BG,12,124391
CO,12,150737
WS,12,2798
BX,12,18714
MU,12,16808
UZ,12,10646
GP,12,4665
GA,12,19879
NP,12,25826
LE,12,117261
IV,12,12721
MC,12,2486
SB,12,24
CU,12,97923
,12,1834793
AR,12,139757
BC,12,8325
TI,12,6165
NU,12,24148
EI,12,155396
PC,12,245
CN,12,1989
VT,12,7670
LQ,12,3
PA,12,17560
JE,12,19892
GJ,12,1753
SA,12,324125
IC,12,34244
EZ,12,83831
SV,12,335
ET,12,27282
NT,12,36
PO,12,64540
CW,12,601
RM,12,1585
VE,12,319409
NE,12,89
MD,12,34503
AS,12,821617
AJ,12,37938
MO,12,78716
PP,12,9180
FO,12,210
PM,12,39329
TP,12,154
RP,12,169304
TU,12,650146
IO,12,78
RI,12,82477
PE,12,77573
PG,12,235
TW,12,45878
CE,12,43177
KV,12,36637
LS,12,737
TN,12,1308
LI,12,10286
RS,12,1621178
MJ,12,9444
MG,12,6628
FI,12,49738
ES,12,15879
UK,12,1294007
BA,12,27299
TV,12,1720
MY,12,115703
TO,12,7718
SG,12,24744
YI,12,1745
TS,12,43939
SH,12,68
SC,12,135
NS,12,1549
IN,12,680536
VC,12,2227
GM,12,623952
SY,12,810680
NH,12,1464
DR,12,6937
VM,12,65912
AF,12,180286
GK,12,1430
IT,12,362716
VQ,12,1463
RQ,12,30916
MP,12,20838
NZ,12,75114
MR,12,10527
IM,12,76
BH,12,6658
JO,12,82350
CB,12,28417
AY,12,1834
ZI,12,69291
BT,12,3676
CJ,12,2885
BO,12,62207
KG,12,10955
MX,12,363586
,13,788958
ID,13,103690
LT,13,1103
LS,13,194
MN,13,1650
JA,13,125929
KG,13,3550
PG,13,292
AL,13,39646
GI,13,3215
AM,13,18583
UK,13,869866
TS,13,39145
PM,13,15952
LO,13,9348
ET,13,13264
WI,13,1922
WE,13,32779
VE,13,146088
FO,13,145
IR,13,426785
SL,13,4767
FK,13,29
KE,13,72691
SZ,13,51815
AY,13,2818
GT,13,17531
TL,13,21
KT,13,336
MX,13,236392
UY,13,8303
JE,13,10374
LG,13,6663
GV,13,5740
DR,13,4960
FP,13,305
US,13,4669605
TX,13,2612
FG,13,171
BL,13,18190
RM,13,892
CS,13,3127
UG,13,21635
BG,13,48325
CY,13,14856
GK,13,411
TW,13,27442
MP,13,6606
CM,13,10247
BA,13,13743
HK,13,15291
GB,13,2473
NE,13,54
MR,13,4265
SI,13,7193
GZ,13,14558
LY,13,79584
CW,13,216
EK,13,597
GG,13,3795
BU,13,25338
OS,13,8337
JM,13,8766
KS,13,172044
BH,13,2455
IZ,13,302568
BO,13,16126
BT,13,1374
IV,13,5716
RE,13,1835
NG,13,9925
EC,13,15507
HU,13,32774
TN,13,451
CO,13,66145
MI,13,5037
NU,13,10384
CE,13,15839
DO,13,1628
ZA,13,9570
BC,13,4069
AC,13,825
KR,13,566
KN,13,377346
GA,13,8760
JO,13,42983
BF,13,11012
FR,13,467255
GJ,13,1005
LE,13,65106
OD,13,17221
EI,13,81284
BR,13,101438
PF,13,221
GR,13,135007
SE,13,517
NZ,13,29887
PO,13,73106
GH,13,36489
ES,13,10174
TU,13,511926
PS,13,1045
CU,13,43048
RB,13,28505
KZ,13,8157
GM,13,361754
MF,13,170
PU,13,637
CB,13,15840
IS,13,646221
NO,13,32690
PA,13,6343
AS,13,411829
TT,13,1267
NR,13,1761
ER,13,3170
BE,13,156212
RQ,13,14303
NT,13,3
WA,13,4645
WQ,13,10
GP,13,4328
AV,13,452
DA,13,35903
BD,13,2044
PE,13,31631
MK,13,42769
GY,13,2750
TH,13,38549
NL,13,55026
AJ,13,10635
ST,13,1324
BN,13,2796
SN,13,26908
GQ,13,12532
CA,13,267412
SO,13,45301
CI,13,30895
FM,13,292
MD,13,12901
MC,13,1315
QA,13,28772
KV,13,17526
GL,13,2794
KU,13,14319
ML,13,27476
MY,13,51217
VM,13,26960
AA,13,332
NF,13,19
LI,13,6826
LH,13,8748
TV,13,202
AO,13,5712
CN,13,1517
MA,13,3759
TK,13,166
EG,13,151145
AR,13,62025
TD,13,3984
SU,13,29649
HA,13,14993
UP,13,153321
BB,13,2078
WZ,13,1044
AQ,13,210
NS,13,393
AE,13,20667
NC,13,210
HR,13,32402
VC,13,400
SC,13,40
RN,13,247
MU,13,7557
IN,13,266045
PC,13,27
LA,13,4313
IO,13,9
BX,13,11916
BP,13,588
RO,13,82560
CV,13,553
YI,13,620
FJ,13,3309
FI,13,16379
RS,13,924365
NP,13,13205
RW,13,10701
TI,13,2993
NH,13,896
AG,13,15840
AU,13,38424
CH,13,476326
PP,13,4711
AF,13,175027
SV,13,242
SM,13,60
SY,13,800296
NI,13,204923
PK,13,174292
SP,13,226468
MB,13,794
VQ,13,924
AN,13,882
SA,13,196400
SW,13,83757
MZ,13,4281
WS,13,1238
PL,13,66354
DJ,13,5355
RP,13,136308
LU,13,7057
TZ,13,14337
ZI,13,41560
IT,13,139949
TP,13,152
MJ,13,4220
CG,13,3959
CT,13,5150
VI,13,510
EZ,13,22089
CD,13,10040
CQ,13,81
MG,13,2634
BM,13,16831
MV,13,5130
SB,13,5
SG,13,9216
OC,13,550
TO,13,2064
UZ,13,5040
MH,13,448
CF,13,11361
YM,13,116183
BY,13,16954
IC,13,4616
JQ,13,3
BK,13,6256
UV,13,17872
HO,13,20898
SH,13,155
IM,13,222
MO,13,33652
MT,13,9643
RI,13,37620
CJ,13,886
EN,13,7506
SF,13,78271
VT,13,2349
PP,14,3916
NZ,14,13582
CM,14,8759
KE,14,48229
SP,14,164275
TV,14,80
AF,14,56085
GQ,14,1491
RO,14,65388
CT,14,4902
BL,14,18890
GP,14,2504
WI,14,1359
MI,14,3566
AJ,14,11441
CO,14,34382
RN,14,202
VM,14,27191
LU,14,2687
IV,14,8644
SF,14,101153
CQ,14,20
KN,14,31529
MG,14,2162
SG,14,8437
RP,14,54596
AV,14,69
EK,14,678
MR,14,4131
GA,14,7944
TS,14,33598
MH,14,232
CY,14,8818
BE,14,50327
SL,14,2800
LY,14,25925
MB,14,575
IO,14,26
GM,14,207147
BY,14,23766
CI,14,31104
UV,14,15573
GI,14,960
MF,14,526
MT,14,5718
PE,14,31768
IZ,14,116813
AY,14,462
AN,14,407
DA,14,10456
KV,14,19974
CD,14,3070
GT,14,17753
IS,14,722064
CJ,14,253
AS,14,128222
CF,14,14221
TU,14,253350
KG,14,3260
MY,14,31333
DO,14,888
LI,14,4163
NE,14,5
PC,14,24
LE,14,45262
ZI,14,45593
SW,14,41238
MC,14,443
QA,14,9863
OC,14,390
EZ,14,21963
,14,558717
EC,14,15761
GG,14,4114
RM,14,114
BD,14,612
HO,14,19222
GB,14,4206
MX,14,155110
KZ,14,5294
CW,14,107
YI,14,623
ES,14,3796
GY,14,1963
GK,14,224
BM,14,17794
ZA,14,4898
OD,14,5836
AQ,14,92
FK,14,5
FO,14,78
ML,14,16579
ET,14,28437
TO,14,8104
AE,14,11925
AA,14,203
SI,14,4068
IC,14,6175
PF,14,42
HU,14,28669
TI,14,1609
LT,14,565
NH,14,343
FR,14,309626
CE,14,20643
VI,14,348
CA,14,101822
TL,14,3
HR,14,12801
TK,14,187
AU,14,22190
CB,14,12942
BK,14,4003
SO,14,10969
NO,14,12049
IN,14,408896
RS,14,332507
AR,14,49026
CH,14,172304
MO,14,39560
UY,14,10100
SC,14,51
BR,14,125336
EN,14,4546
UK,14,312389
LH,14,5662
MN,14,640
ST,14,270
PA,14,8230
SY,14,191550
TT,14,511
BN,14,3060
GL,14,645
GJ,14,694
NF,14,13
CN,14,287
PS,14,748
PG,14,42
VC,14,253
RE,14,1075
AL,14,62138
SM,14,53
AO,14,10950
UZ,14,2333
TH,14,23439
BH,14,1138
PK,14,163559
NC,14,249
TN,14,145
GZ,14,20463
UP,14,177705
MZ,14,2356
SE,14,373
NT,14,4
CG,14,13147
HA,14,18807
SN,14,10582
IT,14,102263
BB,14,786
LG,14,4186
BC,14,1267
WS,14,324
RB,14,23741
FM,14,66
TD,14,2863
RW,14,7755
WZ,14,572
TP,14,136
EG,14,146901
MU,14,4444
TW,14,16695
VE,14,216560
FJ,14,1277
DJ,14,4383
WE,14,72836
NI,14,102365
RI,14,18586
VT,14,1346
MV,14,7679
MK,14,102074
NL,14,39763
KS,14,67284
RQ,14,6532
NR,14,4548
JM,14,3266
PO,14,16686
MP,14,6028
IR,14,170273
SZ,14,36115
JA,14,62627
YM,14,54100
IM,14,184
GV,14,8884
LS,14,74
VQ,14,229
ER,14,2506
UG,14,13143
ID,14,63383
SV,14,92
US,14,2597240
SU,14,21305
NU,14,43246
NG,14,3924
BO,14,21852
BX,14,2393
BU,14,27181
PL,14,68705
WA,14,1576
DR,14,2489
FP,14,263
KU,14,11437
JO,14,25499
GR,14,154464
JE,14,3074
PM,14,13624
BT,14,634
BG,14,55080
CV,14,184
MA,14,2104
KT,14,68
TX,14,1643
MJ,14,3329
AC,14,216
BA,14,37750
BP,14,121
NP,14,24451
CS,14,2403
KR,14,70
EI,14,39342
FG,14,312
AM,14,42372
OS,14,3614
FI,14,17232
CU,14,26506
LO,14,10655
HK,14,20499
BF,14,2393
SH,14,28
PU,14,488
MD,14,19013
TZ,14,5520
NS,14,699
LA,14,851
SA,14,80782
AG,14,15104
GH,14,17323
KG,15,1542
TS,15,7915
AG,15,3423
MV,15,808
KE,15,15518
AO,15,977
KT,15,21
MC,15,136
KS,15,162611
CM,15,6928
WZ,15,117
RB,15,6124
BB,15,351
LH,15,13958
GQ,15,6975
BH,15,1025
LE,15,16655
GP,15,684
NL,15,9436
BC,15,382
PG,15,292
BP,15,144
EN,15,11598
HR,15,6899
NP,15,8732
UZ,15,845
NE,15,3
BU,15,9031
TN,15,108
AE,15,4470
SW,15,13532
WA,15,615
RP,15,53757
BE,15,24733
PF,15,291
UK,15,106408
EC,15,3882
MB,15,102
DO,15,221
CW,15,46
DA,15,4031
CF,15,2422
MO,15,6587
CJ,15,85
BK,15,1065
HO,15,3355
GZ,15,1908
PP,15,1490
GB,15,874
ZA,15,990
CS,15,373
IO,15,7
KZ,15,2427
AQ,15,13
VM,15,11203
UP,15,78424
EG,15,38632
LY,15,17038
AC,15,100
PE,15,4697
BX,15,11264
CN,15,101
ID,15,28432
AU,15,10664
TW,15,9037
TH,15,10313
MP,15,948
GK,15,66
PO,15,3203
SP,15,25080
GV,15,1529
OS,15,12585
HU,15,21169
AY,15,140
IM,15,11
TK,15,14
EK,15,403
NI,15,51704
SH,15,24
VC,15,57
NC,15,114
LA,15,525
RS,15,297766
US,15,589988
BD,15,306
QA,15,8807
BO,15,14047
HA,15,2968
PA,15,1290
IN,15,105046
TD,15,883
,15,119101
CT,15,3860
MI,15,620
SU,15,8250
BT,15,914
GL,15,190
DJ,15,3962
MN,15,89
OC,15,395
CD,15,5918
NH,15,146
TI,15,2408
UV,15,7949
AS,15,49410
TZ,15,1824
TO,15,570
SN,15,9149
AM,15,6914
IS,15,96347
LS,15,12
FJ,15,1117
KV,15,2359
SA,15,34283
PS,15,115
FK,15,10
SV,15,11
GG,15,2761
VE,15,26024
CA,15,31277
YI,15,83
GA,15,3520
DR,15,557
AA,15,44
LT,15,454
CQ,15,17
TX,15,845
SZ,15,7867
BM,15,4512
BF,15,653
MD,15,7053
NR,15,184
MX,15,57987
SO,15,14171
OD,15,7824
SL,15,2453
PL,15,35423
BG,15,15552
YM,15,26149
RE,15,310
GH,15,5604
BA,15,4727
MU,15,1872
GR,15,20804
ET,15,3505
NU,15,2573
SY,15,150306
JE,15,667
KU,15,4323
ZI,15,6115
WE,15,7287
TT,15,476
NS,15,80
GI,15,456
ST,15,49
MT,15,635
SI,15,3094
CB,15,3088
RI,15,16538
CI,15,5875
TU,15,129749
AL,15,3024
KR,15,38
JA,15,52189
MR,15,1183
LI,15,1469
PM,15,2159
GT,15,3300
CH,15,125575
LO,15,1675
FG,15,12
SE,15,702
GM,15,55750
RO,15,12925
IZ,15,108618
BR,15,14785
MK,15,9151
RM,15,127
AR,15,8813
FI,15,9316
MH,15,86
MA,15,383
JO,15,8224
IC,15,1223
BN,15,6802
MJ,15,685
AJ,15,5952
NZ,15,6771
CE,15,5978
WQ,15,7
RW,15,2182
NG,15,8590
BL,15,2811
AV,15,36
MY,15,9264
SC,15,26
IT,15,20202
IR,15,66852
NO,15,9029
AN,15,88
CU,15,5814
IV,15,3299
HK,15,2112
ER,15,1299
PU,15,110
ES,15,1591
SG,15,3795
BY,15,3868
FO,15,7
FP,15,52
RN,15,30
CG,15,2435
VQ,15,233
TV,15,29
GJ,15,135
EZ,15,7611
WS,15,64
SM,15,5
VI,15,115
MG,15,1022
PK,15,56281
EI,15,6343
MF,15,40
WI,15,497
CY,15,3145
FM,15,36
KN,15,143654
SF,15,12897
ML,15,14376
MZ,15,1183
CO,15,12333
AF,15,72751
LU,15,929
CV,15,228
TP,15,20
FR,15,92292
UG,15,8624
VT,15,184
JQ,15,4
RQ,15,1800
LG,15,6778
GY,15,1268
UY,15,1297
JM,15,1177
KV,16,7953
LS,16,169
KE,16,31853
CG,16,4506
NO,16,16387
MD,16,11998
IS,16,467235
MG,16,1735
TH,16,23487
BY,16,10584
JE,16,3277
SY,16,313032
AV,16,733
LT,16,693
CS,16,2920
MC,16,461
RM,16,680
JQ,16,110
OD,16,14752
MV,16,7592
KT,16,22
NR,16,2293
NE,16,14
WI,16,1090
TN,16,291
MF,16,96
TU,16,316780
BT,16,500
IC,16,4669
NG,16,3870
AL,16,26670
RN,16,119
ML,16,11134
BM,16,14311
KR,16,103
DR,16,3898
TT,16,560
CM,16,4707
RO,16,31713
IR,16,451840
LE,16,37424
AY,16,748
AJ,16,15148
GG,16,5727
BO,16,22733
OS,16,4611
VI,16,500
FP,16,244
SC,16,21
CH,16,267253
LG,16,5266
GK,16,342
GY,16,2059
NT,16,5
SV,16,146
FR,16,210186
TL,16,13
SP,16,98510
BA,16,56773
SG,16,8257
EI,16,43771
ES,16,4332
SA,16,601005
BD,16,876
BH,16,1829
TP,16,724
TX,16,2858
LY,16,47012
AF,16,67761
SE,16,644
PO,16,13369
BX,16,3795
LA,16,4002
SU,16,52104
TW,16,25916
AE,16,46586
GB,16,1558
FO,16,70
NS,16,296
EG,16,208200
EN,16,4075
KG,16,4591
ER,16,6082
BN,16,1129
IV,16,3786
PG,16,103
RQ,16,8595
NU,16,9891
GR,16,87263
CV,16,206
ET,16,11923
PC,16,15
VE,16,119341
DO,16,607
BU,16,18422
TV,16,1083
UK,16,379210
DJ,16,7187
SF,16,51832
CT,16,7664
CQ,16,13
VC,16,267
SO,16,17752
CO,16,35903
CW,16,103
HU,16,32453
CE,16,12374
SB,16,53
MI,16,2641
LI,16,3678
YM,16,92681
HR,16,17564
AO,16,12315
LO,16,3845
MX,16,124268
LH,16,7531
DA,16,17093
FG,16,29
NC,16,122
WZ,16,636
AN,16,304
AS,16,169185
PP,16,2447
PF,16,15
AR,16,33650
MP,16,3670
IZ,16,96894
IN,16,178083
SM,16,40
GZ,16,12403
CN,16,940
TD,16,2097
RP,16,67485
MK,16,35956
SI,16,5796
CF,16,8838
HK,16,10487
GH,16,14155
UZ,16,3055
VQ,16,621
KN,16,260669
ZI,16,29898
CY,16,14777
GL,16,560
JA,16,76949
PU,16,334
AU,16,31530
CA,16,139174
GM,16,173986
MR,16,5468
ID,16,61162
GJ,16,321
GA,16,7320
PK,16,110781
SW,16,40009
NZ,16,18189
CI,16,17112
CU,16,75669
BF,16,5635
NP,16,13601
US,16,2615163
AG,16,12784
MA,16,1147
BG,16,26490
RW,16,6104
BR,16,62063
LU,16,4699
CD,16,15571
KU,16,26286
GP,16,1014
CB,16,9393
WS,16,675
OC,16,237
PM,16,17589
AC,16,957
MO,16,24845
VM,16,18764
FK,16,7
HA,16,13370
RE,16,648
VT,16,3093
MZ,16,3180
BL,16,9258
FM,16,123
PE,16,19829
AQ,16,86
CJ,16,592
AM,16,16431
MN,16,621
NH,16,1483
ST,16,260
WE,16,20336
TO,16,1645
GV,16,3379
SL,16,2851
RB,16,21371
BK,16,2890
TZ,16,7393
UV,16,22134
BE,16,76061
TK,16,231
RI,16,21893
TS,16,16895
EZ,16,13570
MB,16,296
QA,16,111640
RS,16,824540
UP,16,199258
EK,16,583
,16,334190
BP,16,532
YI,16,518
TI,16,2919
HO,16,10482
IO,16,5
AA,16,286
FJ,16,3041
UY,16,3940
GT,16,10583
MU,16,6437
BB,16,1432
JO,16,26931
SZ,16,65418
PL,16,37995
NI,16,78172
SH,16,15
SN,16,20423
PA,16,4436
UG,16,10448
KZ,16,15056
MJ,16,2691
FI,16,9638
NL,16,38044
GI,16,1171
GQ,16,1920
BC,16,2570
MY,16,34505
WA,16,2740
MT,16,5758
NF,16,11
ZA,16,5569
JM,16,5438
IT,16,82230
KS,16,111735
MH,16,179
PS,16,466
EC,16,11299
EK,17,4777
AN,17,2862
IZ,17,549623
GK,17,2091
MG,17,7931
ZA,17,34395
KU,17,63668
MJ,17,10967
PP,17,15013
US,17,19432003
NT,17,38
ER,17,15220
SL,17,16861
RO,17,258237
OS,17,12270
GZ,17,34228
AR,17,169898
HR,17,93037
CV,17,1133
WS,17,4504
ZI,17,164482
,17,3550280
YM,17,184274
JE,17,37771
PG,17,53
UZ,17,30711
MX,17,705057
ES,17,52485
GM,17,807559
JM,17,39415
CG,17,27050
SE,17,2322
UG,17,93352
WE,17,231395
SY,17,917926
ST,17,1019
KV,17,67399
OD,17,24377
TK,17,570
SA,17,443490
HU,17,138332
NG,17,28268
WA,17,15612
CQ,17,400
CT,17,18116
VC,17,2428
GG,17,14090
SF,17,347272
SI,17,23444
TL,17,58
AE,17,120792
FM,17,1260
LH,17,42909
MP,17,19942
MD,17,44506
SG,17,44273
HO,17,79465
NP,17,69274
AL,17,206100
MZ,17,13941
CJ,17,2734
FO,17,550
IC,17,21029
GR,17,306178
UV,17,42370
IN,17,1222923
DJ,17,9028
JO,17,132054
SH,17,144
PE,17,152431
PK,17,662613
VE,17,387674
BD,17,5054
CD,17,46883
NL,17,215631
RE,17,4487
AC,17,4060
NE,17,88
NH,17,2949
AM,17,69402
TS,17,111161
KE,17,172611
CU,17,156277
EZ,17,76119
RB,17,119624
GQ,17,12186
BP,17,1334
WZ,17,5342
CI,17,136759
KS,17,259814
MA,17,6664
BR,17,393357
AO,17,43473
TX,17,8439
MO,17,155712
DO,17,5728
PU,17,1444
FR,17,1095164
PC,17,532
IM,17,474
AF,17,286137
SB,17,11
LT,17,4577
GH,17,117366
MF,17,969
BH,17,13913
PA,17,28483
SC,17,293
CF,17,45323
VI,17,2073
SO,17,96397
SM,17,375
SU,17,113100
UK,17,1956025
TT,17,3196
GP,17,8183
JQ,17,5
AY,17,1544
KT,17,1545
GL,17,2948
NI,17,562030
RP,17,361999
NS,17,3134
CH,17,984654
TW,17,64415
SZ,17,193907
AQ,17,756
FJ,17,17897
TP,17,632
EG,17,717901
NF,17,71
IV,17,31037
GA,17,35460
BN,17,12030
MC,17,5172
MI,17,28151
VT,17,10406
EC,17,59540
SV,17,292
OC,17,1151
TO,17,8078
PS,17,3235
GI,17,5242
BL,17,60523
BK,17,43936
AG,17,70878
PF,17,144
TI,17,24743
KZ,17,41624
CY,17,34951
HA,17,50441
TD,17,20493
BU,17,81605
CO,17,199409
NC,17,1259
MY,17,258710
BO,17,68443
QA,17,77138
AV,17,999
FI,17,55261
CA,17,881190
MH,17,1594
GB,17,8773
NO,17,100844
MR,17,17617
DA,17,132120
RS,17,1670616
LE,17,164961
TU,17,1372414
BF,17,24804
ID,17,452608
CM,17,46115
IR,17,725662
RQ,17,26842
BB,17,6360
IO,17,50
MK,17,103675
NZ,17,117973
LU,17,15414
PM,17,68202
SP,17,612144
GV,17,18740
LY,17,171275
LA,17,10804
KN,17,267171
EI,17,196689
EN,17,23175
MV,17,49853
RM,17,1790
KG,17,21243
AS,17,1382834
CB,17,126768
WI,17,1485
MB,17,2235
SW,17,298482
AJ,17,61290
TZ,17,52336
IS,17,1849307
RW,17,54268
VM,17,168583
LI,17,26194
TH,17,245359
RN,17,560
LS,17,2125
TN,17,3605
TV,17,203
BC,17,9140
FG,17,343
IT,17,553549
FP,17,1217
GJ,17,4681
VQ,17,2294
NR,17,16325
BG,17,306595
HQ,17,10
MN,17,5128
JA,17,252261
AU,17,123711
PO,17,65255
BY,17,34006
SN,17,98821
CW,17,801
YI,17,6223
DR,17,28170
LO,17,27020
AA,17,2603
BM,17,107042
MT,17,26456
HK,17,63485
FK,17,120
LG,17,25761
RI,17,98460
BE,17,342867
CN,17,1147
WQ,17,8
PL,17,175552
BX,17,9426
GT,17,101512
GY,17,16181
KR,17,731
ET,17,64538
BA,17,99140
CS,17,13210
CE,17,87068
MU,17,23905
NU,17,41559
ML,17,68592
BT,17,3811
UY,17,25507
UP,17,651200
MT,18,8568
WS,18,1213
AJ,18,15282
GA,18,9066
CH,18,187298
LH,18,9880
BY,18,17780
AQ,18,134
ER,18,5894
HO,18,17379
SM,18,70
WQ,18,10
MP,18,4650
RP,18,156903
FJ,18,6428
BH,18,4374
MJ,18,3873
PP,18,5135
JA,18,102218
CE,18,38115
PS,18,591
AR,18,48216
GL,18,816
MO,18,44788
CM,18,35836
VQ,18,460
PE,18,30079
BE,18,112497
MG,18,1611
NI,18,359786
JM,18,9715
RO,18,55561
AV,18,55
IN,18,607758
TV,18,49
AO,18,6875
NF,18,7
CG,18,10253
TL,18,73
SH,18,445
CA,18,275981
TN,18,493
ET,18,18076
KU,18,21490
RN,18,136
RE,18,2640
NC,18,668
EC,18,19575
BG,18,241373
TH,18,53442
IV,18,8922
JO,18,46254
BF,18,5566
UP,18,163427
TK,18,793
GM,18,275735
HK,18,9328
GZ,18,29918
KS,18,78249
,18,1381211
UV,18,28475
FG,18,28
SN,18,15964
AE,18,24975
TW,18,17902
BL,18,19445
HR,18,18427
MI,18,5490
FM,18,200
SZ,18,52168
CU,18,34430
SY,18,648467
HU,18,17140
BN,18,3896
NH,18,376
MK,18,43664
TI,18,4382
AN,18,283
CS,18,2416
DA,18,37431
US,18,5814438
GG,18,3172
OS,18,3954
LU,18,1772
AA,18,895
UG,18,31418
RB,18,25975
TT,18,665
BX,18,1271
BB,18,1364
CN,18,245
VI,18,281
IM,18,82
TO,18,2966
UY,18,6592
KE,18,72425
YI,18,814
BM,18,28840
BK,18,8639
LG,18,2488
MY,18,57039
NR,18,10826
KV,18,10697
IS,18,796143
BC,18,2123
AG,18,27536
AF,18,466548
AC,18,347
TP,18,92
LE,18,91707
BT,18,1030
GV,18,5204
FR,18,433565
LO,18,4264
PA,18,11083
MZ,18,8611
PK,18,385333
FP,18,155
GY,18,4504
GI,18,1650
SG,18,10708
CF,18,25274
RM,18,374
TZ,18,12001
BP,18,276
DQ,18,80
GJ,18,1309
SL,18,3459
LY,18,107003
CY,18,14174
AL,18,54415
UZ,18,15105
NL,18,42613
MR,18,4332
AM,18,24638
FO,18,70
CD,18,20748
WI,18,386
DJ,18,6117
SW,18,150357
NO,18,34093
AS,18,423440
SB,18,12
TS,18,58295
GR,18,106147
GP,18,2803
TU,18,551384
PM,18,9152
CI,18,29937
EK,18,641
PU,18,374
CT,18,17130
RI,18,16600
RQ,18,5088
FK,18,22
TX,18,6276
MV,18,6433
EN,18,4395
CO,18,63415
SC,18,27
LS,18,208
HQ,18,175
SV,18,118
BO,18,16703
PL,18,47538
GH,18,26896
ST,18,424
BU,18,19224
KZ,18,7926
YM,18,156918
KT,18,313
EI,18,61350
AY,18,512
NE,18,15
GB,18,3386
CW,18,176
LI,18,7713
MA,18,2511
NU,18,12461
LT,18,2047
SP,18,131584
NZ,18,24965
ES,18,15455
ML,18,53888
QA,18,15913
GK,18,726
HA,18,16395
BR,18,119928
SI,18,1942
IC,18,6367
WA,18,4250
OD,18,28598
VE,18,81935
ZA,18,4321
NP,18,24059
CV,18,271
RW,18,14194
OC,18,465
LA,18,2709
FI,18,17623
ID,18,133891
PF,18,13
MU,18,8056
TD,18,5397
VM,18,40862
PG,18,7
DR,18,3319
KN,18,86595
SA,18,229735
IT,18,151964
GT,18,19122
GQ,18,3128
RS,18,385884
VC,18,758
IZ,18,421211
MB,18,680
MX,18,208678
WZ,18,951
PO,18,16322
BD,18,987
SO,18,113287
NT,18,8
NS,18,667
WE,18,83735
KR,18,393
MH,18,348
PC,18,641
SE,18,1192
CQ,18,13
IR,18,203552
MC,18,811
ZI,18,47558
CB,18,12227
MN,18,1627
MF,18,135
KG,18,7231
CJ,18,492
BA,18,16374
SF,18,116373
SU,18,47279
IO,18,13
VT,18,3371
JE,18,8422
AU,18,26980
NG,18,22689
UK,18,639497
MD,18,6199
DO,18,1185
EZ,18,14252
EG,18,291606
JQ,18,7
IM,19,732
SY,19,6214152
WA,19,17247
FO,19,582
TT,19,4392
PA,19,33264
PL,19,220439
BO,19,93606
GI,19,6602
AG,19,103989
WZ,19,3028
SW,19,304934
GH,19,89852
MX,19,1018211
JE,19,34906
IO,19,48
RS,19,3156391
HK,19,35039
TH,19,163249
CF,19,85377
NR,19,5812
AU,19,116538
BM,19,177783
CB,19,45397
BK,19,38001
DQ,19,48
RQ,19,36606
AO,19,51833
GG,19,19390
NU,19,68683
NT,19,20
US,19,28048006
BD,19,4555
MN,19,6161
ET,19,85487
KT,19,1197
PO,19,104044
MC,19,4887
TN,19,3183
SZ,19,190639
EC,19,44721
RW,19,55702
LU,19,12447
TP,19,640
GB,19,9932
AR,19,191835
SA,19,1204483
ZA,19,16747
AV,19,484
SC,19,367
MU,19,22917
GV,19,32164
ER,19,26541
WQ,19,225
PS,19,2521
GM,19,1099427
LH,19,39482
HQ,19,13
AN,19,2783
OS,19,43436
IR,19,1077420
AY,19,3473
BB,19,4627
NO,19,108288
MK,19,124323
KE,19,383827
CV,19,1971
MB,19,2272
LT,19,9019
JQ,19,9
MR,19,15100
BG,19,627193
JM,19,43395
EK,19,2074
BR,19,421875
YM,19,1457735
VI,19,1180
SF,19,451292
MO,19,126425
HR,19,80619
GJ,19,5316
TZ,19,46019
MV,19,11942
SV,19,1856
UP,19,1537713
TS,19,326174
UG,19,113906
VM,19,205475
VQ,19,1831
CM,19,102384
JA,19,483372
SB,19,20
FM,19,1427
KV,19,44321
FJ,19,9920
RI,19,81240
TO,19,9446
MY,19,206569
BF,19,21448
KG,19,25377
PU,19,1425
AE,19,105975
TL,19,113
GY,19,18449
FK,19,224
JO,19,287012
NL,19,205138
MA,19,7650
SE,19,1571
MD,19,32430
CG,19,41667
MZ,19,33252
KR,19,4390
LG,19,22797
NS,19,2759
IZ,19,2724583
CS,19,11714
BC,19,10569
DO,19,3832
BA,19,58408
AQ,19,975
TV,19,119
ID,19,465659
CI,19,114145
SI,19,20649
AF,19,2143540
IS,19,4870066
PC,19,228
KZ,19,51792
UZ,19,34174
MG,19,10714
MH,19,1453
OD,19,162288
GQ,19,22653
NZ,19,124527
NI,19,913569
CY,19,36349
VC,19,2473
PP,19,18769
FR,19,1988677
UV,19,91779
QA,19,63118
CO,19,262451
ES,19,65014
MF,19,542
VT,19,6105
IT,19,664127
CD,19,76746
IN,19,1469378
EZ,19,67238
LO,19,44747
UY,19,27538
BU,19,92688
RP,19,754769
TK,19,1518
YI,19,4240
SP,19,596746
ST,19,1401
AL,19,121577
PM,19,50458
GR,19,333631
GP,19,13795
EI,19,247459
WE,19,592771
CJ,19,1581
ML,19,249281
NE,19,97
PK,19,1501136
DA,19,160159
EN,19,20579
VE,19,351621
CN,19,1358
SO,19,535744
RO,19,210882
SL,19,13434
HO,19,94880
LI,19,16202
GT,19,80213
PF,19,593
AA,19,944
KN,19,480353
TX,19,30522
LY,19,633661
LE,19,421011
TW,19,47385
SG,19,37144
CE,19,76666
SN,19,61557
SH,19,471
WS,19,3952
HU,19,125177
GK,19,2325
CU,19,120755
NC,19,1109
BN,19,13562
TU,19,2813207
BP,19,2415
PG,19,453
BH,19,19486
NH,19,1986
CA,19,1110284
UK,19,2472991
RB,19,95011
MJ,19,22352
TD,19,26177
EG,19,1096647
SM,19,537
AM,19,204265
IC,19,17460
IV,19,39423
BY,19,99636
CT,19,78159
BT,19,3561
ZI,19,148453
RM,19,2403
RN,19,835
CH,19,855115
GZ,19,158799
GA,19,25176
,19,4496555
HA,19,51437
MP,19,24060
NF,19,56
SU,19,191512
FI,19,59114
OC,19,2240
NP,19,81474
BX,19,19660
AS,19,1602881
FP,19,682
TI,19,24636
AC,19,2486
LS,19,992
BL,19,56328
KS,19,365907
DJ,19,34361
GL,19,4435
KU,19,68204
FG,19,377
RE,19,10578
DR,19,13035
NG,19,111051
PE,19,114101
AJ,19,136695
MT,19,33319
BE,19,518180
MI,19,16071
LA,19,10128
WI,19,2685
CW,19,402
CQ,19,200
HR,20,2966
MI,20,15
MP,20,69
YI,20,329
PM,20,194
CO,20,1250
CH,20,4735
EK,20,9
CE,20,860
US,20,72088
MX,20,2163
TI,20,49
EG,20,4002
ID,20,1033
IN,20,4693
IV,20,31
AU,20,201
MT,20,21
FI,20,207
MO,20,344
BX,20,33
AG,20,625
CV,20,6
LA,20,17
ZI,20,846
DO,20,13
WI,20,3
BU,20,302
CD,20,281
SE,20,3
UK,20,8481
AS,20,3779
SZ,20,1618
BB,20,9
TD,20,32
CA,20,2598
BD,20,4
SW,20,633
BG,20,29038
EC,20,36
GY,20,162
RW,20,4909
MN,20,5
CS,20,12
BC,20,46
AM,20,9658
DJ,20,27
ET,20,1118
BF,20,31
BA,20,104
ML,20,935
TW,20,90
CF,20,2152
SU,20,3317
NP,20,135
LO,20,33
JA,20,1644
BK,20,3423
SP,20,1546
MK,20,261
RE,20,49
IC,20,23
KU,20,477
TZ,20,56
NU,20,151
MU,20,144
GZ,20,585
OS,20,50
MV,20,15
LU,20,27
WE,20,2960
AR,20,693
NG,20,89
IS,20,66865
GQ,20,10
DA,20,216
PP,20,21
MA,20,11
SN,20,301
YM,20,5151
NZ,20,148
SY,20,36107
ES,20,738
EI,20,1125
PE,20,1192
EN,20,41
CB,20,347
LT,20,3
UV,20,57
NH,20,15
CT,20,614
CG,20,385
NR,20,19
LG,20,43
IZ,20,11029
FO,20,5
RB,20,6783
LY,20,1665
GG,20,680
CM,20,235
BT,20,170
IT,20,4130
GB,20,8
MR,20,43
NL,20,803
SO,20,2170
PO,20,267
KS,20,462
EZ,20,256
RQ,20,63
TX,20,1278
RI,20,1887
SI,20,48
JE,20,84
TU,20,13176
MB,20,3
GH,20,126
MY,20,1604
ZA,20,33
DR,20,114
FR,20,11432
MG,20,11
LI,20,345
HK,20,139
TT,20,41
NC,20,7
RS,20,11950
KZ,20,160
SF,20,2411
GA,20,126
UY,20,26
AJ,20,6708
BN,20,10
TS,20,1949
SG,20,379
,20,3933
AF,20,2077
VM,20,1798
AE,20,128
VQ,20,4
BE,20,920
RP,20,2288
LH,20,145
AO,20,251
KG,20,540
MJ,20,374
SL,20,64
GT,20,739
CU,20,324
PS,20,6
UG,20,1628
KV,20,1510
WA,20,120
MZ,20,32
PK,20,7448
KT,20,5
GP,20,19
GR,20,1835
NI,20,5905
RO,20,496
SA,20,3781
QA,20,292
MD,20,55
TO,20,47
AL,20,4005
PA,20,185
ER,20,115
IO,20,9
NO,20,1541
CY,20,382
CI,20,215
BH,20,14
TH,20,1538
UP,20,3725
GI,20,11
OD,20,3351
AN,20,16
VE,20,925
FJ,20,14
PL,20,3007
GV,20,105
HO,20,258
UZ,20,258
GM,20,6273
OC,20,29
BY,20,514
KN,20,854
KE,20,3369
HU,20,257
BR,20,3167
BM,20,19863
JM,20,33
BL,20,86
LE,20,2783
BO,20,1066
TK,20,32
JO,20,916
IR,20,4381
GJ,20,16
HA,20,279
VT,20,125
AF,--,1
EI,--,1
LY,--,1
AE,--,1
SZ,--,1
QA,--,1
NL,--,1
UP,--,1
BQ,01,1
FQ,02,1
CR,02,1
JN,03,1
CR,04,1
JQ,05,1
BV,06,1
TE,07,1
KQ,07,1
MQ,07,1
IP,08,1
TE,08,1
KQ,08,1
JN,09,1
DQ,09,1
BQ,09,1
WF,10,1
TE,10,1
MQ,12,1
WF,12,1
WF,13,1
FQ,13,1
SB,14,1
DQ,14,1
NT,15,1
NF,15,1
HQ,16,1
WQ,16,1
IM,16,1
LQ,17,1
BQ,17,1
MQ,18,1
TE,19,1
JN,19,1
MC,20,1
PU,20,1
AV,20,1
AY,20,1
AA,20,1
ST,20,1
SM,20,1
LS,20,1
VI,20,1
TN,20,1
VC,20,1
SP,X,2
JM,--,2
CH,--,2
UK,--,2
GM,--,2
BR,--,2
KQ,01,2
BV,02,2
KQ,02,2
LQ,02,2
BQ,04,2
DQ,05,2
LQ,05,2
BV,05,2
IP,06,2
LQ,06,2
WF,06,2
JN,06,2
BV,07,2
JQ,07,2
WF,07,2
WF,09,2
TE,09,2
SB,10,2
BV,12,2
FQ,12,2
DQ,12,2
HQ,13,2
LQ,14,2
JN,16,2
WF,17,2
DQ,17,2
LQ,19,2
FM,20,2
NT,20,2
GK,20,2
TP,20,2
WZ,20,2
CJ,20,2
NS,20,2
SV,20,2
