{"type":"Topology","arcs":[],"objects":{"CNTR_LB_2016_3857":{"type":"GeometryCollection","geometries":[{"type":"Point","coordinates":[177153,5242543],"properties":{"CNTR_ID":"AD","CNTR_NAME":"Andorra","NAME_ENGL":"Andorra","ISO3_CODE":"AND","FID":"AD"},"id":"AD"},{"type":"Point","coordinates":[6009293,2688420],"properties":{"CNTR_ID":"AE","CNTR_NAME":"الإمارات العربية المتحدة","NAME_ENGL":"United Arab Emirates","ISO3_CODE":"ARE","FID":"AE"},"id":"AE"},{"type":"Point","coordinates":[7346853,4004371],"properties":{"CNTR_ID":"AF","CNTR_NAME":"افغانستان-افغانستان","NAME_ENGL":"Afghanistan","ISO3_CODE":"AFG","FID":"AF"},"id":"AF"},{"type":"Point","coordinates":[-6880624,1929964],"properties":{"CNTR_ID":"AG","CNTR_NAME":"Antigua and Barbuda","NAME_ENGL":"Antigua and Barbuda","ISO3_CODE":"ATG","FID":"AG"},"id":"AG"},{"type":"Point","coordinates":[-7017309,2063801],"properties":{"CNTR_ID":"AI","CNTR_NAME":"Anguilla","NAME_ENGL":"Anguilla","ISO3_CODE":"AIA","FID":"AI"},"id":"AI"},{"type":"Point","coordinates":[2234276,5032858],"properties":{"CNTR_ID":"AL","CNTR_NAME":"Shqipëria","NAME_ENGL":"Albania","ISO3_CODE":"ALB","FID":"AL"},"id":"AL"},{"type":"Point","coordinates":[5000296,4910141],"properties":{"CNTR_ID":"AM","CNTR_NAME":"Հայաստան","NAME_ENGL":"Armenia","ISO3_CODE":"ARM","FID":"AM"},"id":"AM"},{"type":"Point","coordinates":[1957202,-1386753],"properties":{"CNTR_ID":"AO","CNTR_NAME":"Angola","NAME_ENGL":"Angola","ISO3_CODE":"AGO","FID":"AO"},"id":"AO"},{"type":"Point","coordinates":[2549063,-15492943],"properties":{"CNTR_ID":"AQ","CNTR_NAME":"Antarctica","NAME_ENGL":"Antarctica","ISO3_CODE":"ATA","FID":"AQ"},"id":"AQ"},{"type":"Point","coordinates":[-7078641,-3708402],"properties":{"CNTR_ID":"AR","CNTR_NAME":"Argentina","NAME_ENGL":"Argentina","ISO3_CODE":"ARG","FID":"AR"},"id":"AR"},{"type":"Point","coordinates":[-19005395,-1609119],"properties":{"CNTR_ID":"AS","CNTR_NAME":"American Samoa-Sāmoa Amelika","NAME_ENGL":"American Samoa","ISO3_CODE":"ASM","FID":"AS"},"id":"AS"},{"type":"Point","coordinates":[1573759,6038043],"properties":{"CNTR_ID":"AT","CNTR_NAME":"Österreich","NAME_ENGL":"Austria","ISO3_CODE":"AUT","FID":"AT"},"id":"AT"},{"type":"Point","coordinates":[14957021,-2947361],"properties":{"CNTR_ID":"AU","CNTR_NAME":"Australia","NAME_ENGL":"Australia","ISO3_CODE":"AUS","FID":"AU"},"id":"AU"},{"type":"Point","coordinates":[-7790239,1405500],"properties":{"CNTR_ID":"AW","CNTR_NAME":"Aruba-Aruba","NAME_ENGL":"Aruba","ISO3_CODE":"ABW","FID":"AW"},"id":"AW"},{"type":"Point","coordinates":[5308553,4916193],"properties":{"CNTR_ID":"AZ","CNTR_NAME":"Azərbaycan","NAME_ENGL":"Azerbaijan","ISO3_CODE":"AZE","FID":"AZ"},"id":"AZ"},{"type":"Point","coordinates":[1980360,5490608],"properties":{"CNTR_ID":"BA","CNTR_NAME":"Bosna I Hercegovina-Bosna I Hercegovina-Босна И Херцеговина","NAME_ENGL":"Bosnia and Herzegovina","ISO3_CODE":"BIH","FID":"BA"},"id":"BA"},{"type":"Point","coordinates":[-6629689,1478818],"properties":{"CNTR_ID":"BB","CNTR_NAME":"Barbados","NAME_ENGL":"Barbados","ISO3_CODE":"BRB","FID":"BB"},"id":"BB"},{"type":"Point","coordinates":[10046779,2734891],"properties":{"CNTR_ID":"BD","CNTR_NAME":"People’S Republic of Bangladesh","NAME_ENGL":"Bangladesh","ISO3_CODE":"BGD","FID":"BD"},"id":"BD"},{"type":"Point","coordinates":[518667,6558365],"properties":{"CNTR_ID":"BE","CNTR_NAME":"Belgien-Belgique-België","NAME_ENGL":"Belgium","ISO3_CODE":"BEL","FID":"BE"},"id":"BE"},{"type":"Point","coordinates":[-193157,1376704],"properties":{"CNTR_ID":"BF","CNTR_NAME":"Burkina Faso","NAME_ENGL":"Burkina Faso","ISO3_CODE":"BFA","FID":"BF"},"id":"BF"},{"type":"Point","coordinates":[2809143,5274693],"properties":{"CNTR_ID":"BG","CNTR_NAME":"България","NAME_ENGL":"Bulgaria","ISO3_CODE":"BGR","FID":"BG"},"id":"BG"},{"type":"Point","coordinates":[5626912,3005840],"properties":{"CNTR_ID":"BH","CNTR_NAME":"مملكة البحرين","NAME_ENGL":"Bahrain","ISO3_CODE":"BHR","FID":"BH"},"id":"BH"},{"type":"Point","coordinates":[3327474,-375819],"properties":{"CNTR_ID":"BI","CNTR_NAME":"Burundi-Burundi","NAME_ENGL":"Burundi","ISO3_CODE":"BDI","FID":"BI"},"id":"BI"},{"type":"Point","coordinates":[260305,1079190],"properties":{"CNTR_ID":"BJ","CNTR_NAME":"Bénin","NAME_ENGL":"Benin","ISO3_CODE":"BEN","FID":"BJ"},"id":"BJ"},{"type":"Point","coordinates":[-6993315,2025532],"properties":{"CNTR_ID":"BL","CNTR_NAME":"Saint-Barthélemy","NAME_ENGL":"Saint Barthélemy","ISO3_CODE":"BLM","FID":"BL"},"id":"BL"},{"type":"Point","coordinates":[-7209752,3802673],"properties":{"CNTR_ID":"BM","CNTR_NAME":"Bermuda","NAME_ENGL":"Bermuda","ISO3_CODE":"BMU","FID":"BM"},"id":"BM"},{"type":"Point","coordinates":[12757471,507624],"properties":{"CNTR_ID":"BN","CNTR_NAME":"Brunei","NAME_ENGL":"Brunei","ISO3_CODE":"BRN","FID":"BN"},"id":"BN"},{"type":"Point","coordinates":[-7199506,-1887747],"properties":{"CNTR_ID":"BO","CNTR_NAME":"Wuliwya-Volívia-Bulivya-Bolivia","NAME_ENGL":"Bolivia","ISO3_CODE":"BOL","FID":"BO"},"id":"BO"},{"type":"Point","coordinates":[-7603996,1371556],"properties":{"CNTR_ID":"BQ","CNTR_NAME":"Bonaire, Sint Eustatius and Saba","NAME_ENGL":"Bonaire, Sint Eustatius and Saba","ISO3_CODE":"BES","FID":"BQ"},"id":"BQ"},{"type":"Point","coordinates":[-5909389,-1205712],"properties":{"CNTR_ID":"BR","CNTR_NAME":"Brasil","NAME_ENGL":"Brazil","ISO3_CODE":"BRA","FID":"BR"},"id":"BR"},{"type":"Point","coordinates":[10070697,3171401],"properties":{"CNTR_ID":"BT","CNTR_NAME":"Kingdom of Bhutan","NAME_ENGL":"Bhutan","ISO3_CODE":"BTN","FID":"BT"},"id":"BT"},{"type":"Point","coordinates":[374821,-7250650],"properties":{"CNTR_ID":"BV","CNTR_NAME":"Bouvetøya","NAME_ENGL":"Bouvet Island","ISO3_CODE":"BVT","FID":"BV"},"id":"BV"},{"type":"Point","coordinates":[2649718,-2533172],"properties":{"CNTR_ID":"BW","CNTR_NAME":"Botswana-Botswana","NAME_ENGL":"Botswana","ISO3_CODE":"BWA","FID":"BW"},"id":"BW"},{"type":"Point","coordinates":[3120102,7081787],"properties":{"CNTR_ID":"BY","CNTR_NAME":"Беларусь","NAME_ENGL":"Belarus","ISO3_CODE":"BLR","FID":"BY"},"id":"BY"},{"type":"Point","coordinates":[-9875606,1942987],"properties":{"CNTR_ID":"BZ","CNTR_NAME":"Belize","NAME_ENGL":"Belize","ISO3_CODE":"BLZ","FID":"BZ"},"id":"BZ"},{"type":"Point","coordinates":[-11333730,7904098],"properties":{"CNTR_ID":"CA","CNTR_NAME":"Canada-Canada","NAME_ENGL":"Canada","ISO3_CODE":"CAN","FID":"CA"},"id":"CA"},{"type":"Point","coordinates":[2633365,-319651],"properties":{"CNTR_ID":"CD","CNTR_NAME":"République Démocratique du Congo-Kongo-Kongó-Kongu-Kongo","NAME_ENGL":"Democratic Republic of The Congo","ISO3_CODE":"COD","FID":"CD"},"id":"CD"},{"type":"Point","coordinates":[2332224,781316],"properties":{"CNTR_ID":"CF","CNTR_NAME":"République Centrafricaine-Ködörösêse Tî Bêafrîka","NAME_ENGL":"Central African Republic","ISO3_CODE":"CAF","FID":"CF"},"id":"CF"},{"type":"Point","coordinates":[1699561,-93404],"properties":{"CNTR_ID":"CG","CNTR_NAME":"Congo-Kongo-Kongó","NAME_ENGL":"Congo","ISO3_CODE":"COG","FID":"CG"},"id":"CG"},{"type":"Point","coordinates":[914251,5934695],"properties":{"CNTR_ID":"CH","CNTR_NAME":"Schweiz-Suisse-Svizzera-Svizra","NAME_ENGL":"Switzerland","ISO3_CODE":"CHE","FID":"CH"},"id":"CH"},{"type":"Point","coordinates":[-617443,850633],"properties":{"CNTR_ID":"CI","CNTR_NAME":"Côte D’Ivoire","NAME_ENGL":"Côte D’Ivoire","ISO3_CODE":"CIV","FID":"CI"},"id":"CI"},{"type":"Point","coordinates":[-7698342,-2620986],"properties":{"CNTR_ID":"CL","CNTR_NAME":"Chile","NAME_ENGL":"Chile","ISO3_CODE":"CHL","FID":"CL"},"id":"CL"},{"type":"Point","coordinates":[1417798,631743],"properties":{"CNTR_ID":"CM","CNTR_NAME":"Cameroon-Cameroun","NAME_ENGL":"Cameroon","ISO3_CODE":"CMR","FID":"CM"},"id":"CM"},{"type":"Point","coordinates":[11593863,3804093],"properties":{"CNTR_ID":"CN","CNTR_NAME":"中國","NAME_ENGL":"China","ISO3_CODE":"CHN","FID":"CN"},"id":"CN"},{"type":"Point","coordinates":[-8135013,434289],"properties":{"CNTR_ID":"CO","CNTR_NAME":"Colombia","NAME_ENGL":"Colombia","ISO3_CODE":"COL","FID":"CO"},"id":"CO"},{"type":"Point","coordinates":[-12158040,1153240],"properties":{"CNTR_ID":"CP","CNTR_NAME":"Île Clipperton","NAME_ENGL":"Clipperton Island","ISO3_CODE":"CPT","FID":"CP"},"id":"CP"},{"type":"Point","coordinates":[-9369773,1118422],"properties":{"CNTR_ID":"CR","CNTR_NAME":"Costa Rica","NAME_ENGL":"Costa Rica","ISO3_CODE":"CRI","FID":"CR"},"id":"CR"},{"type":"Point","coordinates":[-8830165,2510872],"properties":{"CNTR_ID":"CU","CNTR_NAME":"Cuba","NAME_ENGL":"Cuba","ISO3_CODE":"CUB","FID":"CU"},"id":"CU"},{"type":"Point","coordinates":[-7667125,1359262],"properties":{"CNTR_ID":"CW","CNTR_NAME":"Curaçao","NAME_ENGL":"Curaçao","ISO3_CODE":"CUW","FID":"CW"},"id":"CW"},{"type":"Point","coordinates":[11760605,-1173255],"properties":{"CNTR_ID":"CX","CNTR_NAME":"Christmas Island","NAME_ENGL":"Christmas Island","ISO3_CODE":"CXR","FID":"CX"},"id":"CX"},{"type":"Point","coordinates":[3692902,4167735],"properties":{"CNTR_ID":"CY","CNTR_NAME":"Κύπρος-Kıbrıs","NAME_ENGL":"Cyprus","ISO3_CODE":"CYP","FID":"CY"},"id":"CY"},{"type":"Point","coordinates":[1706263,6401059],"properties":{"CNTR_ID":"CZ","CNTR_NAME":"Česká Republika","NAME_ENGL":"Czechia","ISO3_CODE":"CZE","FID":"CZ"},"id":"CZ"},{"type":"Point","coordinates":[1155127,6634951],"properties":{"CNTR_ID":"DE","CNTR_NAME":"Deutschland","NAME_ENGL":"Germany","ISO3_CODE":"DEU","FID":"DE"},"id":"DE"},{"type":"Point","coordinates":[4698271,1300595],"properties":{"CNTR_ID":"DJ","CNTR_NAME":"جيبوتي-Djibouti-Jabuuti","NAME_ENGL":"Djibouti","ISO3_CODE":"DJI","FID":"DJ"},"id":"DJ"},{"type":"Point","coordinates":[1037417,7563821],"properties":{"CNTR_ID":"DK","CNTR_NAME":"Danmark","NAME_ENGL":"Denmark","ISO3_CODE":"DNK","FID":"DK"},"id":"DK"},{"type":"Point","coordinates":[-6829159,1736623],"properties":{"CNTR_ID":"DM","CNTR_NAME":"Dominica-Dominique","NAME_ENGL":"Dominica","ISO3_CODE":"DMA","FID":"DM"},"id":"DM"},{"type":"Point","coordinates":[-7849202,2143305],"properties":{"CNTR_ID":"DO","CNTR_NAME":"República Dominicana","NAME_ENGL":"Dominican Republic","ISO3_CODE":"DOM","FID":"DO"},"id":"DO"},{"type":"Point","coordinates":[298610,3267481],"properties":{"CNTR_ID":"DZ","CNTR_NAME":"الجزائر","NAME_ENGL":"Algeria","ISO3_CODE":"DZA","FID":"DZ"},"id":"DZ"},{"type":"Point","coordinates":[-8722741,-158095],"properties":{"CNTR_ID":"EC","CNTR_NAME":"Ikwadur-Ecuador","NAME_ENGL":"Ecuador","ISO3_CODE":"ECU","FID":"EC"},"id":"EC"},{"type":"Point","coordinates":[2878139,8109599],"properties":{"CNTR_ID":"EE","CNTR_NAME":"Eesti","NAME_ENGL":"Estonia","ISO3_CODE":"EST","FID":"EE"},"id":"EE"},{"type":"Point","coordinates":[3312761,3069222],"properties":{"CNTR_ID":"EG","CNTR_NAME":"مصر","NAME_ENGL":"Egypt","ISO3_CODE":"EGY","FID":"EG"},"id":"EG"},{"type":"Point","coordinates":[-1462917,2834995],"properties":{"CNTR_ID":"EH","CNTR_NAME":"الصحراء الغربية","NAME_ENGL":"Western Sahara","ISO3_CODE":"ESH","FID":"EH"},"id":"EH"},{"type":"Point","coordinates":[2509158,4793288],"properties":{"CNTR_ID":"EL","CNTR_NAME":"Ελλάδα","NAME_ENGL":"Greece","ISO3_CODE":"GRC","FID":"EL"},"id":"EL"},{"type":"Point","coordinates":[4244837,1819046],"properties":{"CNTR_ID":"ER","CNTR_NAME":"إريتريا-Eritrea-ኤርትራ","NAME_ENGL":"Eritrea","ISO3_CODE":"ERI","FID":"ER"},"id":"ER"},{"type":"Point","coordinates":[-395418,4921552],"properties":{"CNTR_ID":"ES","CNTR_NAME":"España","NAME_ENGL":"Spain","ISO3_CODE":"ESP","FID":"ES"},"id":"ES"},{"type":"Point","coordinates":[4412742,964414],"properties":{"CNTR_ID":"ET","CNTR_NAME":"Federal Democratic Republic of Ethiopia","NAME_ENGL":"Ethiopia","ISO3_CODE":"ETH","FID":"ET"},"id":"ET"},{"type":"Point","coordinates":[2925421,9477218],"properties":{"CNTR_ID":"FI","CNTR_NAME":"Suomi-Finland","NAME_ENGL":"Finland","ISO3_CODE":"FIN","FID":"FI"},"id":"FI"},{"type":"Point","coordinates":[19809492,-2017355],"properties":{"CNTR_ID":"FJ","CNTR_NAME":"Fiji-Viti-फ़िजी","NAME_ENGL":"Fiji","ISO3_CODE":"FJI","FID":"FJ"},"id":"FJ"},{"type":"Point","coordinates":[-6540280,-6753037],"properties":{"CNTR_ID":"FK","CNTR_NAME":"Falkland Islands","NAME_ENGL":"Falkland Islands","ISO3_CODE":"FLK","FID":"FK"},"id":"FK"},{"type":"Point","coordinates":[17613935,767693],"properties":{"CNTR_ID":"FM","CNTR_NAME":"Micronesia","NAME_ENGL":"Micronesia","ISO3_CODE":"FSM","FID":"FM"},"id":"FM"},{"type":"Point","coordinates":[-777173,8887691],"properties":{"CNTR_ID":"FO","CNTR_NAME":"Færøerne-Føroyar","NAME_ENGL":"Faroe Islands","ISO3_CODE":"FRO","FID":"FO"},"id":"FO"},{"type":"Point","coordinates":[278952,5879997],"properties":{"CNTR_ID":"FR","CNTR_NAME":"France","NAME_ENGL":"France","ISO3_CODE":"FRA","FID":"FR"},"id":"FR"},{"type":"Point","coordinates":[1309631,-68535],"properties":{"CNTR_ID":"GA","CNTR_NAME":"Gabon","NAME_ENGL":"Gabon","ISO3_CODE":"GAB","FID":"GA"},"id":"GA"},{"type":"Point","coordinates":[-6866284,1359326],"properties":{"CNTR_ID":"GD","CNTR_NAME":"Grenada","NAME_ENGL":"Grenada","ISO3_CODE":"GRD","FID":"GD"},"id":"GD"},{"type":"Point","coordinates":[4819710,5169552],"properties":{"CNTR_ID":"GE","CNTR_NAME":"საქართველო","NAME_ENGL":"Georgia","ISO3_CODE":"GEO","FID":"GE"},"id":"GE"},{"type":"Point","coordinates":[-287142,6352592],"properties":{"CNTR_ID":"GG","CNTR_NAME":"Guernsey-Guernesey","NAME_ENGL":"Guernsey","ISO3_CODE":"GGY","FID":"GG"},"id":"GG"},{"type":"Point","coordinates":[-133421,889149],"properties":{"CNTR_ID":"GH","CNTR_NAME":"Ghana","NAME_ENGL":"Ghana","ISO3_CODE":"GHA","FID":"GH"},"id":"GH"},{"type":"Point","coordinates":[-595120,4320338],"properties":{"CNTR_ID":"GI","CNTR_NAME":"Gibraltar","NAME_ENGL":"Gibraltar","ISO3_CODE":"GIB","FID":"GI"},"id":"GI"},{"type":"Point","coordinates":[-4607293,12832499],"properties":{"CNTR_ID":"GL","CNTR_NAME":"Grønland-Kalaallit Nunaat","NAME_ENGL":"Greenland","ISO3_CODE":"GRL","FID":"GL"},"id":"GL"},{"type":"Point","coordinates":[-1787940,1503305],"properties":{"CNTR_ID":"GM","CNTR_NAME":"Gambia","NAME_ENGL":"Gambia","ISO3_CODE":"GMB","FID":"GM"},"id":"GM"},{"type":"Point","coordinates":[-1258477,1233098],"properties":{"CNTR_ID":"GN","CNTR_NAME":"Guinée","NAME_ENGL":"Guinea","ISO3_CODE":"GIN","FID":"GN"},"id":"GN"},{"type":"Point","coordinates":[1165383,177256],"properties":{"CNTR_ID":"GQ","CNTR_NAME":"Guinée Équatoriale-Guinea Ecuatorial","NAME_ENGL":"Equatorial Guinea","ISO3_CODE":"GNQ","FID":"GQ"},"id":"GQ"},{"type":"Point","coordinates":[-4030253,-7284906],"properties":{"CNTR_ID":"GS","CNTR_NAME":"South Georgia and The South Sandwich Islands","NAME_ENGL":"South Georgia and The South Sandwich Islands","ISO3_CODE":"SGS","FID":"GS"},"id":"GS"},{"type":"Point","coordinates":[-10155546,1690636],"properties":{"CNTR_ID":"GT","CNTR_NAME":"Guatemala","NAME_ENGL":"Guatemala","ISO3_CODE":"GTM","FID":"GT"},"id":"GT"},{"type":"Point","coordinates":[16109825,1501271],"properties":{"CNTR_ID":"GU","CNTR_NAME":"Guåhan-Guam","NAME_ENGL":"Guam","ISO3_CODE":"GUM","FID":"GU"},"id":"GU"},{"type":"Point","coordinates":[-1608654,1357419],"properties":{"CNTR_ID":"GW","CNTR_NAME":"Guiné-Bissau","NAME_ENGL":"Guinea-Bissau","ISO3_CODE":"GNB","FID":"GW"},"id":"GW"},{"type":"Point","coordinates":[-6563592,535292],"properties":{"CNTR_ID":"GY","CNTR_NAME":"Guyana","NAME_ENGL":"Guyana","ISO3_CODE":"GUY","FID":"GY"},"id":"GY"},{"type":"Point","coordinates":[12703130,2563823],"properties":{"CNTR_ID":"HK","CNTR_NAME":"香港","NAME_ENGL":"Hong Kong","ISO3_CODE":"HKG","FID":"HK"},"id":"HK"},{"type":"Point","coordinates":[8184773,-7003274],"properties":{"CNTR_ID":"HM","CNTR_NAME":"Heard Island and Mcdonald Islands","NAME_ENGL":"Heard Island and Mcdonald Islands","ISO3_CODE":"HMD","FID":"HM"},"id":"HM"},{"type":"Point","coordinates":[-9642741,1669592],"properties":{"CNTR_ID":"HN","CNTR_NAME":"Honduras","NAME_ENGL":"Honduras","ISO3_CODE":"HND","FID":"HN"},"id":"HN"},{"type":"Point","coordinates":[1835587,5427755],"properties":{"CNTR_ID":"HR","CNTR_NAME":"Hrvatska","NAME_ENGL":"Croatia","ISO3_CODE":"HRV","FID":"HR"},"id":"HR"},{"type":"Point","coordinates":[-8055587,2082760],"properties":{"CNTR_ID":"HT","CNTR_NAME":"Haïti-Ayiti","NAME_ENGL":"Haiti","ISO3_CODE":"HTI","FID":"HT"},"id":"HT"},{"type":"Point","coordinates":[2160329,5968487],"properties":{"CNTR_ID":"HU","CNTR_NAME":"Magyarország","NAME_ENGL":"Hungary","ISO3_CODE":"HUN","FID":"HU"},"id":"HU"},{"type":"Point","coordinates":[-900593,7016254],"properties":{"CNTR_ID":"IE","CNTR_NAME":"Ireland-Éire","NAME_ENGL":"Ireland","ISO3_CODE":"IRL","FID":"IE"},"id":"IE"},{"type":"Point","coordinates":[3853829,3641330],"properties":{"CNTR_ID":"IL","CNTR_NAME":"إسرائيل-ישראל","NAME_ENGL":"Israel","ISO3_CODE":"ISR","FID":"IL"},"id":"IL"},{"type":"Point","coordinates":[-505881,7213556],"properties":{"CNTR_ID":"IM","CNTR_NAME":"Isle of Man-Ellan Vannin","NAME_ENGL":"Isle of Man","ISO3_CODE":"IMN","FID":"IM"},"id":"IM"},{"type":"Point","coordinates":[8846289,2553479],"properties":{"CNTR_ID":"IN","CNTR_NAME":"India-भारत","NAME_ENGL":"India","ISO3_CODE":"IND","FID":"IN"},"id":"IN"},{"type":"Point","coordinates":[8061714,-816512],"properties":{"CNTR_ID":"IO","CNTR_NAME":"British Indian Ocean Territory","NAME_ENGL":"British Indian Ocean Territory","ISO3_CODE":"IOT","FID":"IO"},"id":"IO"},{"type":"Point","coordinates":[4870864,3900947],"properties":{"CNTR_ID":"IQ","CNTR_NAME":"العراق-Îraq","NAME_ENGL":"Iraq","ISO3_CODE":"IRQ","FID":"IQ"},"id":"IQ"},{"type":"Point","coordinates":[6045156,3839136],"properties":{"CNTR_ID":"IR","CNTR_NAME":"ایران","NAME_ENGL":"Iran","ISO3_CODE":"IRN","FID":"IR"},"id":"IR"},{"type":"Point","coordinates":[-2099136,9544384],"properties":{"CNTR_ID":"IS","CNTR_NAME":"Ísland","NAME_ENGL":"Iceland","ISO3_CODE":"ISL","FID":"IS"},"id":"IS"},{"type":"Point","coordinates":[1395078,5287200],"properties":{"CNTR_ID":"IT","CNTR_NAME":"Italia","NAME_ENGL":"Italy","ISO3_CODE":"ITA","FID":"IT"},"id":"IT"},{"type":"Point","coordinates":[-237128,6312887],"properties":{"CNTR_ID":"JE","CNTR_NAME":"Jersey-Jersey","NAME_ENGL":"Jersey","ISO3_CODE":"JEY","FID":"JE"},"id":"JE"},{"type":"Point","coordinates":[-8609972,2058332],"properties":{"CNTR_ID":"JM","CNTR_NAME":"Jamaica","NAME_ENGL":"Jamaica","ISO3_CODE":"JAM","FID":"JM"},"id":"JM"},{"type":"Point","coordinates":[4127614,3590627],"properties":{"CNTR_ID":"JO","CNTR_NAME":"الأردن","NAME_ENGL":"Jordan","ISO3_CODE":"JOR","FID":"JO"},"id":"JO"},{"type":"Point","coordinates":[15494869,4385983],"properties":{"CNTR_ID":"JP","CNTR_NAME":"日本","NAME_ENGL":"Japan","ISO3_CODE":"JPN","FID":"JP"},"id":"JP"},{"type":"Point","coordinates":[4214623,59608],"properties":{"CNTR_ID":"KE","CNTR_NAME":"Kenya-Kenya","NAME_ENGL":"Kenya","ISO3_CODE":"KEN","FID":"KE"},"id":"KE"},{"type":"Point","coordinates":[8302733,5079370],"properties":{"CNTR_ID":"KG","CNTR_NAME":"Kırgızstan-Кыргызстан","NAME_ENGL":"Kyrgyzstan","ISO3_CODE":"KGZ","FID":"KG"},"id":"KG"},{"type":"Point","coordinates":[11679109,1427141],"properties":{"CNTR_ID":"KH","CNTR_NAME":"កម្ពុជា","NAME_ENGL":"Cambodia","ISO3_CODE":"KHM","FID":"KH"},"id":"KH"},{"type":"Point","coordinates":[-17521862,208379],"properties":{"CNTR_ID":"KI","CNTR_NAME":"Kiribati","NAME_ENGL":"Kiribati","ISO3_CODE":"KIR","FID":"KI"},"id":"KI"},{"type":"Point","coordinates":[4825050,-1300932],"properties":{"CNTR_ID":"KM","CNTR_NAME":"جزر القمر-Comores-Komori","NAME_ENGL":"Comoros","ISO3_CODE":"COM","FID":"KM"},"id":"KM"},{"type":"Point","coordinates":[-6988841,1961809],"properties":{"CNTR_ID":"KN","CNTR_NAME":"Saint Kitts and Nevis","NAME_ENGL":"Saint Kitts and Nevis","ISO3_CODE":"KNA","FID":"KN"},"id":"KN"},{"type":"Point","coordinates":[14158717,4884822],"properties":{"CNTR_ID":"KP","CNTR_NAME":"조선민주주의인민공화국","NAME_ENGL":"North Korea","ISO3_CODE":"PRK","FID":"KP"},"id":"KP"},{"type":"Point","coordinates":[14235422,4365071],"properties":{"CNTR_ID":"KR","CNTR_NAME":"대한민국","NAME_ENGL":"South Korea","ISO3_CODE":"KOR","FID":"KR"},"id":"KR"},{"type":"Point","coordinates":[5286914,3438259],"properties":{"CNTR_ID":"KW","CNTR_NAME":"الكويت","NAME_ENGL":"Kuwait","ISO3_CODE":"KWT","FID":"KW"},"id":"KW"},{"type":"Point","coordinates":[-9040465,2192998],"properties":{"CNTR_ID":"KY","CNTR_NAME":"Cayman Islands","NAME_ENGL":"Cayman Islands","ISO3_CODE":"CYM","FID":"KY"},"id":"KY"},{"type":"Point","coordinates":[7493086,6132218],"properties":{"CNTR_ID":"KZ","CNTR_NAME":"Қазақстан","NAME_ENGL":"Kazakhstan","ISO3_CODE":"KAZ","FID":"KZ"},"id":"KZ"},{"type":"Point","coordinates":[11350407,2301071],"properties":{"CNTR_ID":"LA","CNTR_NAME":"ປະເທດລາວ","NAME_ENGL":"Laos","ISO3_CODE":"LAO","FID":"LA"},"id":"LA"},{"type":"Point","coordinates":[3995720,4019257],"properties":{"CNTR_ID":"LB","CNTR_NAME":"لبنان","NAME_ENGL":"Lebanon","ISO3_CODE":"LBN","FID":"LB"},"id":"LB"},{"type":"Point","coordinates":[-6787146,1561575],"properties":{"CNTR_ID":"LC","CNTR_NAME":"Saint Lucia","NAME_ENGL":"Saint Lucia","ISO3_CODE":"LCA","FID":"LC"},"id":"LC"},{"type":"Point","coordinates":[1063474,5964683],"properties":{"CNTR_ID":"LI","CNTR_NAME":"Liechtenstein","NAME_ENGL":"Liechtenstein","ISO3_CODE":"LIE","FID":"LI"},"id":"LI"},{"type":"Point","coordinates":[8984357,849247],"properties":{"CNTR_ID":"LK","CNTR_NAME":"ශ්‍රී ලංකාව-இலங்கை","NAME_ENGL":"Sri Lanka","ISO3_CODE":"LKA","FID":"LK"},"id":"LK"},{"type":"Point","coordinates":[-1038348,718785],"properties":{"CNTR_ID":"LR","CNTR_NAME":"Liberia","NAME_ENGL":"Liberia","ISO3_CODE":"LBR","FID":"LR"},"id":"LR"},{"type":"Point","coordinates":[3145344,-3449374],"properties":{"CNTR_ID":"LS","CNTR_NAME":"Lesotho-Lesotho","NAME_ENGL":"Lesotho","ISO3_CODE":"LSO","FID":"LS"},"id":"LS"},{"type":"Point","coordinates":[2662734,7427183],"properties":{"CNTR_ID":"LT","CNTR_NAME":"Lietuva","NAME_ENGL":"Lithuania","ISO3_CODE":"LTU","FID":"LT"},"id":"LT"},{"type":"Point","coordinates":[678412,6406719],"properties":{"CNTR_ID":"LU","CNTR_NAME":"Luxemburg-Luxembourg-Lëtzebuerg","NAME_ENGL":"Luxembourg","ISO3_CODE":"LUX","FID":"LU"},"id":"LU"},{"type":"Point","coordinates":[2936828,7695591],"properties":{"CNTR_ID":"LV","CNTR_NAME":"Latvija","NAME_ENGL":"Latvia","ISO3_CODE":"LVA","FID":"LV"},"id":"LV"},{"type":"Point","coordinates":[2008530,3124751],"properties":{"CNTR_ID":"LY","CNTR_NAME":"دولة ليبيا","NAME_ENGL":"Libya","ISO3_CODE":"LBY","FID":"LY"},"id":"LY"},{"type":"Point","coordinates":[-701099,3742073],"properties":{"CNTR_ID":"MA","CNTR_NAME":"المغرب","NAME_ENGL":"Morocco","ISO3_CODE":"MAR","FID":"MA"},"id":"MA"},{"type":"Point","coordinates":[825853,5424394],"properties":{"CNTR_ID":"MC","CNTR_NAME":"Monaco","NAME_ENGL":"Monaco","ISO3_CODE":"MCO","FID":"MC"},"id":"MC"},{"type":"Point","coordinates":[3168070,5976567],"properties":{"CNTR_ID":"MD","CNTR_NAME":"Moldova","NAME_ENGL":"Moldova","ISO3_CODE":"MDA","FID":"MD"},"id":"MD"},{"type":"Point","coordinates":[2145011,5277353],"properties":{"CNTR_ID":"ME","CNTR_NAME":"Црна Гора","NAME_ENGL":"Montenegro","ISO3_CODE":"MNE","FID":"ME"},"id":"ME"},{"type":"Point","coordinates":[5198117,-2203031],"properties":{"CNTR_ID":"MG","CNTR_NAME":"Madagascar-Madagasikara","NAME_ENGL":"Madagascar","ISO3_CODE":"MDG","FID":"MG"},"id":"MG"},{"type":"Point","coordinates":[2415256,5100969],"properties":{"CNTR_ID":"MK","CNTR_NAME":"Македонија","NAME_ENGL":"Former Yugoslav Republic of Macedonia","ISO3_CODE":"MKD","FID":"MK"},"id":"MK"},{"type":"Point","coordinates":[-390097,1964044],"properties":{"CNTR_ID":"ML","CNTR_NAME":"Mali","NAME_ENGL":"Mali","ISO3_CODE":"MLI","FID":"ML"},"id":"ML"},{"type":"Point","coordinates":[10742440,2420154],"properties":{"CNTR_ID":"MM","CNTR_NAME":"Myanma","NAME_ENGL":"Myanmar/Burma","ISO3_CODE":"MMR","FID":"MM"},"id":"MM"},{"type":"Point","coordinates":[11471347,5914621],"properties":{"CNTR_ID":"MN","CNTR_NAME":"Монгол Улс","NAME_ENGL":"Mongolia","ISO3_CODE":"MNG","FID":"MN"},"id":"MN"},{"type":"Point","coordinates":[12639856,2535249],"properties":{"CNTR_ID":"MO","CNTR_NAME":"澳門-Macau","NAME_ENGL":"Macau","ISO3_CODE":"MAC","FID":"MO"},"id":"MO"},{"type":"Point","coordinates":[-1148422,2304045],"properties":{"CNTR_ID":"MR","CNTR_NAME":"موريتانيا","NAME_ENGL":"Mauritania","ISO3_CODE":"MRT","FID":"MR"},"id":"MR"},{"type":"Point","coordinates":[-6922770,1889395],"properties":{"CNTR_ID":"MS","CNTR_NAME":"Montserrat","NAME_ENGL":"Montserrat","ISO3_CODE":"MSR","FID":"MS"},"id":"MS"},{"type":"Point","coordinates":[1606473,4284952],"properties":{"CNTR_ID":"MT","CNTR_NAME":"Malta-Malta","NAME_ENGL":"Malta","ISO3_CODE":"MLT","FID":"MT"},"id":"MT"},{"type":"Point","coordinates":[6409327,-2305901],"properties":{"CNTR_ID":"MU","CNTR_NAME":"Mauritius","NAME_ENGL":"Mauritius","ISO3_CODE":"MUS","FID":"MU"},"id":"MU"},{"type":"Point","coordinates":[3909575,-1719276],"properties":{"CNTR_ID":"MW","CNTR_NAME":"Malawi-Malaŵi","NAME_ENGL":"Malawi","ISO3_CODE":"MWI","FID":"MW"},"id":"MW"},{"type":"Point","coordinates":[-11412171,2746920],"properties":{"CNTR_ID":"MX","CNTR_NAME":"México","NAME_ENGL":"Mexico","ISO3_CODE":"MEX","FID":"MX"},"id":"MX"},{"type":"Point","coordinates":[12736375,320256],"properties":{"CNTR_ID":"MY","CNTR_NAME":"Malaysia","NAME_ENGL":"Malaysia","ISO3_CODE":"MYS","FID":"MY"},"id":"MY"},{"type":"Point","coordinates":[4246264,-1610152],"properties":{"CNTR_ID":"MZ","CNTR_NAME":"Moçambique","NAME_ENGL":"Mozambique","ISO3_CODE":"MOZ","FID":"MZ"},"id":"MZ"},{"type":"Point","coordinates":[1916677,-2528692],"properties":{"CNTR_ID":"NA","CNTR_NAME":"Namibia","NAME_ENGL":"Namibia","ISO3_CODE":"NAM","FID":"NA"},"id":"NA"},{"type":"Point","coordinates":[18426849,-2439011],"properties":{"CNTR_ID":"NC","CNTR_NAME":"Nouvelle-Calédonie","NAME_ENGL":"New Caledonia","ISO3_CODE":"NCL","FID":"NC"},"id":"NC"},{"type":"Point","coordinates":[1047856,1971375],"properties":{"CNTR_ID":"NE","CNTR_NAME":"Niger","NAME_ENGL":"Niger","ISO3_CODE":"NER","FID":"NE"},"id":"NE"},{"type":"Point","coordinates":[18696447,-3379977],"properties":{"CNTR_ID":"NF","CNTR_NAME":"Norfolk Island-Norfuk Ailen","NAME_ENGL":"Norfolk Island","ISO3_CODE":"NFK","FID":"NF"},"id":"NF"},{"type":"Point","coordinates":[900032,1072039],"properties":{"CNTR_ID":"NG","CNTR_NAME":"Nigeria","NAME_ENGL":"Nigeria","ISO3_CODE":"NGA","FID":"NG"},"id":"NG"},{"type":"Point","coordinates":[-9467460,1441502],"properties":{"CNTR_ID":"NI","CNTR_NAME":"Nicaragua","NAME_ENGL":"Nicaragua","ISO3_CODE":"NIC","FID":"NI"},"id":"NI"},{"type":"Point","coordinates":[628507,6853308],"properties":{"CNTR_ID":"NL","CNTR_NAME":"Nederland","NAME_ENGL":"Netherlands","ISO3_CODE":"NLD","FID":"NL"},"id":"NL"},{"type":"Point","coordinates":[1279592,8790783],"properties":{"CNTR_ID":"NO","CNTR_NAME":"Norga-Noreg-Norge","NAME_ENGL":"Norway","ISO3_CODE":"NOR","FID":"NO"},"id":"NO"},{"type":"Point","coordinates":[9346082,3281956],"properties":{"CNTR_ID":"NP","CNTR_NAME":"नेपाल","NAME_ENGL":"Nepal","ISO3_CODE":"NPL","FID":"NP"},"id":"NP"},{"type":"Point","coordinates":[18582932,-58724],"properties":{"CNTR_ID":"NR","CNTR_NAME":"Nauru-Naoero","NAME_ENGL":"Nauru","ISO3_CODE":"NRU","FID":"NR"},"id":"NR"},{"type":"Point","coordinates":[-18908548,-2161101],"properties":{"CNTR_ID":"NU","CNTR_NAME":"Niue-Niuē","NAME_ENGL":"Niue","ISO3_CODE":"NIU","FID":"NU"},"id":"NU"},{"type":"Point","coordinates":[18973323,-5467476],"properties":{"CNTR_ID":"NZ","CNTR_NAME":"New Zealand-Aotearoa","NAME_ENGL":"New Zealand","ISO3_CODE":"NZL","FID":"NZ"},"id":"NZ"},{"type":"Point","coordinates":[6435572,2501239],"properties":{"CNTR_ID":"OM","CNTR_NAME":"سلطنة عمان","NAME_ENGL":"Oman","ISO3_CODE":"OMN","FID":"OM"},"id":"OM"},{"type":"Point","coordinates":[-8919170,984427],"properties":{"CNTR_ID":"PA","CNTR_NAME":"Panamá","NAME_ENGL":"Panama","ISO3_CODE":"PAN","FID":"PA"},"id":"PA"},{"type":"Point","coordinates":[-7998590,-1523750],"properties":{"CNTR_ID":"PE","CNTR_NAME":"Piruw-Piruw-Perú","NAME_ENGL":"Peru","ISO3_CODE":"PER","FID":"PE"},"id":"PE"},{"type":"Point","coordinates":[16053840,-735364],"properties":{"CNTR_ID":"PG","CNTR_NAME":"Papua New Guinea-Papua Niu Gini-Papua Niugini","NAME_ENGL":"Papua New Guinea","ISO3_CODE":"PNG","FID":"PG"},"id":"PG"},{"type":"Point","coordinates":[7659321,3426422],"properties":{"CNTR_ID":"PK","CNTR_NAME":"Pakistan-پاكستان","NAME_ENGL":"Pakistan","ISO3_CODE":"PAK","FID":"PK"},"id":"PK"},{"type":"Point","coordinates":[2160331,6823828],"properties":{"CNTR_ID":"PL","CNTR_NAME":"Polska","NAME_ENGL":"Poland","ISO3_CODE":"POL","FID":"PL"},"id":"PL"},{"type":"Point","coordinates":[-6270317,5947986],"properties":{"CNTR_ID":"PM","CNTR_NAME":"Saint-Pierre-Et-Miquelon","NAME_ENGL":"Saint Pierre and Miquelon","ISO3_CODE":"SPM","FID":"PM"},"id":"PM"},{"type":"Point","coordinates":[-14284978,-2799230],"properties":{"CNTR_ID":"PN","CNTR_NAME":"Pitcairn Islands-Pitkern Ailen","NAME_ENGL":"Pitcairn Islands","ISO3_CODE":"PCN","FID":"PN"},"id":"PN"},{"type":"Point","coordinates":[-7399582,2064794],"properties":{"CNTR_ID":"PR","CNTR_NAME":"Puerto Rico","NAME_ENGL":"Puerto Rico","ISO3_CODE":"PRI","FID":"PR"},"id":"PR"},{"type":"Point","coordinates":[3927201,3759287],"properties":{"CNTR_ID":"PS","CNTR_NAME":"فلسطين","NAME_ENGL":"Palestine","ISO3_CODE":"PSE","FID":"PS"},"id":"PS"},{"type":"Point","coordinates":[-887250,4820526],"properties":{"CNTR_ID":"PT","CNTR_NAME":"Portugal","NAME_ENGL":"Portugal","ISO3_CODE":"PRT","FID":"PT"},"id":"PT"},{"type":"Point","coordinates":[14979270,835510],"properties":{"CNTR_ID":"PW","CNTR_NAME":"Palau-Belau","NAME_ENGL":"Palau","ISO3_CODE":"PLW","FID":"PW"},"id":"PW"},{"type":"Point","coordinates":[-6503643,-2657912],"properties":{"CNTR_ID":"PY","CNTR_NAME":"Paraguay-Paraguái","NAME_ENGL":"Paraguay","ISO3_CODE":"PRY","FID":"PY"},"id":"PY"},{"type":"Point","coordinates":[5698921,2909046],"properties":{"CNTR_ID":"QA","CNTR_NAME":"قطر","NAME_ENGL":"Qatar","ISO3_CODE":"QAT","FID":"QA"},"id":"QA"},{"type":"Point","coordinates":[2780515,5754115],"properties":{"CNTR_ID":"RO","CNTR_NAME":"România","NAME_ENGL":"Romania","ISO3_CODE":"ROU","FID":"RO"},"id":"RO"},{"type":"Point","coordinates":[2316876,5470226],"properties":{"CNTR_ID":"RS","CNTR_NAME":"Србија","NAME_ENGL":"Serbia","ISO3_CODE":"SRB","FID":"RS"},"id":"RS"},{"type":"Point","coordinates":[11034432,8772723],"properties":{"CNTR_ID":"RU","CNTR_NAME":"Россия","NAME_ENGL":"Russian Federation","ISO3_CODE":"RUS","FID":"RU"},"id":"RU"},{"type":"Point","coordinates":[3331880,-220056],"properties":{"CNTR_ID":"RW","CNTR_NAME":"Rwanda-Rwanda-Rwanda","NAME_ENGL":"Rwanda","ISO3_CODE":"RWA","FID":"RW"},"id":"RW"},{"type":"Point","coordinates":[4959696,2769716],"properties":{"CNTR_ID":"SA","CNTR_NAME":"السعودية","NAME_ENGL":"Saudi Arabia","ISO3_CODE":"SAU","FID":"SA"},"id":"SA"},{"type":"Point","coordinates":[3334959,1808692],"properties":{"CNTR_ID":"SD","CNTR_NAME":"السودان-Sudan","NAME_ENGL":"Sudan","ISO3_CODE":"SDN","FID":"SD"},"id":"SD"},{"type":"Point","coordinates":[1607958,8544042],"properties":{"CNTR_ID":"SE","CNTR_NAME":"Sverige","NAME_ENGL":"Sweden","ISO3_CODE":"SWE","FID":"SE"},"id":"SE"},{"type":"Point","coordinates":[11559347,147642],"properties":{"CNTR_ID":"SG","CNTR_NAME":"新加坡-Singapore-Singapura-சிங்கப்பூர்","NAME_ENGL":"Singapore","ISO3_CODE":"SGP","FID":"SG"},"id":"SG"},{"type":"Point","coordinates":[1649414,5800838],"properties":{"CNTR_ID":"SI","CNTR_NAME":"Slovinsko","NAME_ENGL":"Slovenia","ISO3_CODE":"SVN","FID":"SI"},"id":"SI"},{"type":"Point","coordinates":[1501059,14833362],"properties":{"CNTR_ID":"SJ","CNTR_NAME":"Svalbard Og Jan Mayen","NAME_ENGL":"Svalbard and Jan Mayen","ISO3_CODE":"SJM","FID":"SJ"},"id":"SJ"},{"type":"Point","coordinates":[2167848,6224811],"properties":{"CNTR_ID":"SK","CNTR_NAME":"Slovensko","NAME_ENGL":"Slovakia","ISO3_CODE":"SVK","FID":"SK"},"id":"SK"},{"type":"Point","coordinates":[-1311871,955655],"properties":{"CNTR_ID":"SL","CNTR_NAME":"Sierra Leone","NAME_ENGL":"Sierra Leone","ISO3_CODE":"SLE","FID":"SL"},"id":"SL"},{"type":"Point","coordinates":[1388270,5454827],"properties":{"CNTR_ID":"SM","CNTR_NAME":"San Marino","NAME_ENGL":"San Marino","ISO3_CODE":"SMR","FID":"SM"},"id":"SM"},{"type":"Point","coordinates":[-1608142,1616356],"properties":{"CNTR_ID":"SN","CNTR_NAME":"Sénégal","NAME_ENGL":"Senegal","ISO3_CODE":"SEN","FID":"SN"},"id":"SN"},{"type":"Point","coordinates":[5133557,487762],"properties":{"CNTR_ID":"SO","CNTR_NAME":"الصومال-Soomaaliya","NAME_ENGL":"Somalia","ISO3_CODE":"SOM","FID":"SO"},"id":"SO"},{"type":"Point","coordinates":[-6223263,461577],"properties":{"CNTR_ID":"SR","CNTR_NAME":"Suriname","NAME_ENGL":"Suriname","ISO3_CODE":"SUR","FID":"SR"},"id":"SR"},{"type":"Point","coordinates":[3375955,813331],"properties":{"CNTR_ID":"SS","CNTR_NAME":"South Sudan","NAME_ENGL":"South Sudan","ISO3_CODE":"SSD","FID":"SS"},"id":"SS"},{"type":"Point","coordinates":[734449,26214],"properties":{"CNTR_ID":"ST","CNTR_NAME":"São Tomé E Príncipe","NAME_ENGL":"São Tomé and Príncipe","ISO3_CODE":"STP","FID":"ST"},"id":"ST"},{"type":"Point","coordinates":[-9894857,1544551],"properties":{"CNTR_ID":"SV","CNTR_NAME":"El Salvador","NAME_ENGL":"El Salvador","ISO3_CODE":"SLV","FID":"SV"},"id":"SV"},{"type":"Point","coordinates":[-7019197,2041798],"properties":{"CNTR_ID":"SX","CNTR_NAME":"Sint-Maarten","NAME_ENGL":"Sint-Maarten","ISO3_CODE":"SXM","FID":"SX"},"id":"SX"},{"type":"Point","coordinates":[4285657,4164922],"properties":{"CNTR_ID":"SY","CNTR_NAME":"سوريا","NAME_ENGL":"Syria","ISO3_CODE":"SYR","FID":"SY"},"id":"SY"},{"type":"Point","coordinates":[3508291,-3071402],"properties":{"CNTR_ID":"SZ","CNTR_NAME":"Kingdom of Eswatini","NAME_ENGL":"Eswatini","ISO3_CODE":"SWZ","FID":"SZ"},"id":"SZ"},{"type":"Point","coordinates":[2078345,1728876],"properties":{"CNTR_ID":"TD","CNTR_NAME":"تشاد-Tchad","NAME_ENGL":"Chad","ISO3_CODE":"TCD","FID":"TD"},"id":"TD"},{"type":"Point","coordinates":[7705187,-6327435],"properties":{"CNTR_ID":"TF","CNTR_NAME":"Terres Australes Et Antarctiques Françaises","NAME_ENGL":"French Southern and Antarctic Lands","ISO3_CODE":"ATF","FID":"TF"},"id":"TF"},{"type":"Point","coordinates":[108924,955108],"properties":{"CNTR_ID":"TG","CNTR_NAME":"Togo","NAME_ENGL":"Togo","ISO3_CODE":"TGO","FID":"TG"},"id":"TG"},{"type":"Point","coordinates":[11246660,1706446],"properties":{"CNTR_ID":"TH","CNTR_NAME":"ประเทศไทย","NAME_ENGL":"Thailand","ISO3_CODE":"THA","FID":"TH"},"id":"TH"},{"type":"Point","coordinates":[7727826,4650959],"properties":{"CNTR_ID":"TJ","CNTR_NAME":"Тоҷикистон","NAME_ENGL":"Tajikistan","ISO3_CODE":"TJK","FID":"TJ"},"id":"TJ"},{"type":"Point","coordinates":[14018846,-983471],"properties":{"CNTR_ID":"TL","CNTR_NAME":"Timor-Leste-Timor Lorosae","NAME_ENGL":"Timor-Leste","ISO3_CODE":"TLS","FID":"TL"},"id":"TL"},{"type":"Point","coordinates":[6614515,4736797],"properties":{"CNTR_ID":"TM","CNTR_NAME":"Türkmenistan","NAME_ENGL":"Turkmenistan","ISO3_CODE":"TKM","FID":"TM"},"id":"TM"},{"type":"Point","coordinates":[1063651,3994229],"properties":{"CNTR_ID":"TN","CNTR_NAME":"تونس","NAME_ENGL":"Tunisia","ISO3_CODE":"TUN","FID":"TN"},"id":"TN"},{"type":"Point","coordinates":[3948607,4720573],"properties":{"CNTR_ID":"TR","CNTR_NAME":"Türkiye","NAME_ENGL":"Turkey","ISO3_CODE":"TUR","FID":"TR"},"id":"TR"},{"type":"Point","coordinates":[-6820207,1168259],"properties":{"CNTR_ID":"TT","CNTR_NAME":"Trinidad and Tobago","NAME_ENGL":"Trinidad and Tobago","ISO3_CODE":"TTO","FID":"TT"},"id":"TT"},{"type":"Point","coordinates":[3874140,-698194],"properties":{"CNTR_ID":"TZ","CNTR_NAME":"Tanzania","NAME_ENGL":"United Republic of Tanzania","ISO3_CODE":"TZA","FID":"TZ"},"id":"TZ"},{"type":"Point","coordinates":[3491292,6280331],"properties":{"CNTR_ID":"UA","CNTR_NAME":"Україна","NAME_ENGL":"Ukraine","ISO3_CODE":"UKR","FID":"UA"},"id":"UA"},{"type":"Point","coordinates":[3605524,142239],"properties":{"CNTR_ID":"UG","CNTR_NAME":"Uganda-Uganda","NAME_ENGL":"Uganda","ISO3_CODE":"UGA","FID":"UG"},"id":"UG"},{"type":"Point","coordinates":[-234724,7034706],"properties":{"CNTR_ID":"UK","CNTR_NAME":"United Kingdom","NAME_ENGL":"United Kingdom","ISO3_CODE":"GBR","FID":"UK"},"id":"UK"},{"type":"Point","coordinates":[-18085026,715078],"properties":{"CNTR_ID":"UM","CNTR_NAME":"United States Minor Outlying Islands","NAME_ENGL":"United States Minor Outlying Islands","ISO3_CODE":"UMI","FID":"UM"},"id":"UM"},{"type":"Point","coordinates":[-11042254,4798882],"properties":{"CNTR_ID":"US","CNTR_NAME":"United States","NAME_ENGL":"United States","ISO3_CODE":"USA","FID":"US"},"id":"US"},{"type":"Point","coordinates":[-6234573,-3869439],"properties":{"CNTR_ID":"UY","CNTR_NAME":"Uruguay","NAME_ENGL":"Uruguay","ISO3_CODE":"URY","FID":"UY"},"id":"UY"},{"type":"Point","coordinates":[7168576,5052216],"properties":{"CNTR_ID":"UZ","CNTR_NAME":"Узбекистан","NAME_ENGL":"Uzbekistan","ISO3_CODE":"UZB","FID":"UZ"},"id":"UZ"},{"type":"Point","coordinates":[1386242,5146530],"properties":{"CNTR_ID":"VA","CNTR_NAME":"Stato Della Città Del Vaticano-Status Civitatis Vaticanae","NAME_ENGL":"Vatican City","ISO3_CODE":"VAT","FID":"VA"},"id":"VA"},{"type":"Point","coordinates":[-6811429,1488665],"properties":{"CNTR_ID":"VC","CNTR_NAME":"Saint Vincent and The Grenadines","NAME_ENGL":"Saint Vincent and The Grenadines","ISO3_CODE":"VCT","FID":"VC"},"id":"VC"},{"type":"Point","coordinates":[-7364254,793403],"properties":{"CNTR_ID":"VE","CNTR_NAME":"Venezuela","NAME_ENGL":"Venezuela","ISO3_CODE":"VEN","FID":"VE"},"id":"VE"},{"type":"Point","coordinates":[-7213184,2006179],"properties":{"CNTR_ID":"VI","CNTR_NAME":"Us Virgin Islands","NAME_ENGL":"Us Virgin Islands","ISO3_CODE":"VIR","FID":"VI"},"id":"VI"},{"type":"Point","coordinates":[11974652,1292345],"properties":{"CNTR_ID":"VN","CNTR_NAME":"Việt Nam","NAME_ENGL":"Vietnam","ISO3_CODE":"VNM","FID":"VN"},"id":"VN"},{"type":"Point","coordinates":[-19196070,-1530776],"properties":{"CNTR_ID":"WS","CNTR_NAME":"Samoa-Sāmoa","NAME_ENGL":"Samoa","ISO3_CODE":"WSM","FID":"WS"},"id":"WS"},{"type":"Point","coordinates":[8808013,4165388],"properties":{"CNTR_ID":"XC","CNTR_NAME":"Aksai Chin (Disputed Territory)","NAME_ENGL":"Aksai Chin","ISO3_CODE":"XC","FID":"XC"},"id":"XC"},{"type":"Point","coordinates":[10519091,3304583],"properties":{"CNTR_ID":"XD","CNTR_NAME":"Arunashal Pradesh (Disputed Territory)","NAME_ENGL":"Arunachal Pradesh","ISO3_CODE":"XD","FID":"XD"},"id":"XD"},{"type":"Point","coordinates":[8830530,3879664],"properties":{"CNTR_ID":"XE","CNTR_NAME":"China/India (Disputed Territory)","NAME_ENGL":"China/India","ISO3_CODE":"XE","FID":"XE"},"id":"XE"},{"type":"Point","coordinates":[3949827,2555001],"properties":{"CNTR_ID":"XF","CNTR_NAME":"Hala'Ib Triangle (Disputed Territory)","NAME_ENGL":"Hala'Ib Triangle","ISO3_CODE":"XF","FID":"XF"},"id":"XF"},{"type":"Point","coordinates":[3896510,528015],"properties":{"CNTR_ID":"XG","CNTR_NAME":"Ilemi Triangle (Disputed Territory)","NAME_ENGL":"Ilemi Triangle","ISO3_CODE":"XG","FID":"XG"},"id":"XG"},{"type":"Point","coordinates":[8437975,4104672],"properties":{"CNTR_ID":"XH","CNTR_NAME":"Jammu Kashmir (Disputed Territory)","NAME_ENGL":"Jammu Kashmir","ISO3_CODE":"XH","FID":"XH"},"id":"XH"},{"type":"Point","coordinates":[16465301,5646327],"properties":{"CNTR_ID":"XI","CNTR_NAME":"Kuril Islands (Disputed Territory)","NAME_ENGL":"Kuril Islands","ISO3_CODE":"XI","FID":"XI"},"id":"XI"},{"type":"Point","coordinates":[-8350349,2084644],"properties":{"CNTR_ID":"XL","CNTR_NAME":"Navassa Island (Disputed Territory)","NAME_ENGL":"Navassa Island","ISO3_CODE":"XL","FID":"XL"},"id":"XL"},{"type":"Point","coordinates":[13105863,1713731],"properties":{"CNTR_ID":"XM","CNTR_NAME":"Scarborough Reef (Disputed Territory)","NAME_ENGL":"Scarborough Reef","ISO3_CODE":"XM","FID":"XM"},"id":"XM"},{"type":"Point","coordinates":[4491733,-2554925],"properties":{"CNTR_ID":"XO","CNTR_NAME":"Fr Territory (Juan de Nova, Glorioso, Europa, Tromelin, Bassas Da India)","NAME_ENGL":"Bassas Da India","ISO3_CODE":"XO","FID":"XO"},"id":"XO"},{"type":"Point","coordinates":[3161195,1093423],"properties":{"CNTR_ID":"XU","CNTR_NAME":"Abyei Region (Disputed Territory)","NAME_ENGL":"Abyei","ISO3_CODE":"XU","FID":"XU"},"id":"XU"},{"type":"Point","coordinates":[3750523,2499500],"properties":{"CNTR_ID":"XV","CNTR_NAME":"Bir Tawil (Disputed Territory)","NAME_ENGL":"Bir Tawil (Disputed Territory)","ISO3_CODE":"XV","FID":"XV"},"id":"XV"},{"type":"Point","coordinates":[5041288,1710639],"properties":{"CNTR_ID":"YE","CNTR_NAME":"اليمن","NAME_ENGL":"Yemen","ISO3_CODE":"YEM","FID":"YE"},"id":"YE"},{"type":"Point","coordinates":[2746650,-3503107],"properties":{"CNTR_ID":"ZA","CNTR_NAME":"Suid-Afrika-South Africa-Sewula Afrika-Afrika-Borwa-Afrika-Borwa-Ningizimu Afrika-Aforika Borwa-Afrika Dzonga-Afurika Tshipembe-Mzantsi Afrika-Ningizimu Afrika","NAME_ENGL":"South Africa","ISO3_CODE":"ZAF","FID":"ZA"},"id":"ZA"},{"type":"Point","coordinates":[3097330,-1647163],"properties":{"CNTR_ID":"ZM","CNTR_NAME":"Zambia","NAME_ENGL":"Zambia","ISO3_CODE":"ZMB","FID":"ZM"},"id":"ZM"},{"type":"Point","coordinates":[3324872,-2155154],"properties":{"CNTR_ID":"ZW","CNTR_NAME":"Zimbabwe","NAME_ENGL":"Zimbabwe","ISO3_CODE":"ZWE","FID":"ZW"},"id":"ZW"},{"type":"Point","coordinates":[10781791,-1362182],"properties":{"CNTR_ID":"CC","CNTR_NAME":"Cocos Keeling Islands","NAME_ENGL":"Cocos (Keeling) Islands","ISO3_CODE":"CCK","FID":"CC"},"id":"CC"},{"type":"Point","coordinates":[-8528320,2784431],"properties":{"CNTR_ID":"BS","CNTR_NAME":"Bahamas","NAME_ENGL":"Bahamas","ISO3_CODE":"BHS","FID":"BS"},"id":"BS"},{"type":"Point","coordinates":[12453954,1847393],"properties":{"CNTR_ID":"XA","CNTR_NAME":"Paracel Islands (Disputed Territory)","NAME_ENGL":"Paracel Islands","ISO3_CODE":"XA","FID":"XA"},"id":"XA"},{"type":"Point","coordinates":[-16169002,-1737975],"properties":{"CNTR_ID":"PF","CNTR_NAME":"Polynésie Française","NAME_ENGL":"French Polynesia","ISO3_CODE":"PYF","FID":"PF"},"id":"PF"},{"type":"Point","coordinates":[-19463898,-2256334],"properties":{"CNTR_ID":"TO","CNTR_NAME":"Tonga-Tonga","NAME_ENGL":"Tonga","ISO3_CODE":"TON","FID":"TO"},"id":"TO"},{"type":"Point","coordinates":[-7998990,2481543],"properties":{"CNTR_ID":"TC","CNTR_NAME":"Turks and Caicos Islands","NAME_ENGL":"Turks and Caicos Islands","ISO3_CODE":"TCA","FID":"TC"},"id":"TC"},{"type":"Point","coordinates":[-19725185,-1554629],"properties":{"CNTR_ID":"WF","CNTR_NAME":"Wallis-Et-Futuna","NAME_ENGL":"Wallis and Futuna","ISO3_CODE":"WLF","FID":"WF"},"id":"WF"},{"type":"Point","coordinates":[18668619,-1827422],"properties":{"CNTR_ID":"VU","CNTR_NAME":"Vanuatu-Vanuatu-Vanuatu","NAME_ENGL":"Vanuatu","ISO3_CODE":"VUT","FID":"VU"},"id":"VU"},{"type":"Point","coordinates":[-7181864,2097505],"properties":{"CNTR_ID":"VG","CNTR_NAME":"British Virgin Islands","NAME_ENGL":"British Virgin Islands","ISO3_CODE":"VGB","FID":"VG"},"id":"VG"},{"type":"Point","coordinates":[-17697373,-2179846],"properties":{"CNTR_ID":"CK","CNTR_NAME":"Cook Islands-Kūki 'Āirani","NAME_ENGL":"Cook Islands","ISO3_CODE":"COK","FID":"CK"},"id":"CK"},{"type":"Point","coordinates":[12816236,1188096],"properties":{"CNTR_ID":"XB","CNTR_NAME":"Spratly Islands (Disputed Territory)","NAME_ENGL":"Spratly Islands","ISO3_CODE":"XB","FID":"XB"},"id":"XB"},{"type":"Point","coordinates":[5770331,-746846],"properties":{"CNTR_ID":"SC","CNTR_NAME":"Sesel-Seychelles-Seychelles","NAME_ENGL":"Seychelles","ISO3_CODE":"SYC","FID":"SC"},"id":"SC"},{"type":"Point","coordinates":[-2669469,1797918],"properties":{"CNTR_ID":"CV","CNTR_NAME":"Cabo Verde","NAME_ENGL":"Cape Verde","ISO3_CODE":"CPV","FID":"CV"},"id":"CV"},{"type":"Point","coordinates":[13055262,-247868],"properties":{"CNTR_ID":"ID","CNTR_NAME":"Indonesia","NAME_ENGL":"Indonesia","ISO3_CODE":"IDN","FID":"ID"},"id":"ID"},{"type":"Point","coordinates":[8150891,428742],"properties":{"CNTR_ID":"MV","CNTR_NAME":"Republic of Maldives","NAME_ENGL":"Maldives","ISO3_CODE":"MDV","FID":"MV"},"id":"MV"},{"type":"Point","coordinates":[13677504,1315529],"properties":{"CNTR_ID":"PH","CNTR_NAME":"Philippines-Pilipinas","NAME_ENGL":"Philippines","ISO3_CODE":"PHL","FID":"PH"},"id":"PH"},{"type":"Point","coordinates":[19891753,-834703],"properties":{"CNTR_ID":"TV","CNTR_NAME":"Tuvalu-Tuvalu","NAME_ENGL":"Tuvalu","ISO3_CODE":"TUV","FID":"TV"},"id":"TV"},{"type":"Point","coordinates":[13751241,2970874],"properties":{"CNTR_ID":"XN","CNTR_NAME":"Senkaku Islands (Disputed Territory)","NAME_ENGL":"Senkaku Islands","ISO3_CODE":"XN","FID":"XN"},"id":"XN"},{"type":"Point","coordinates":[17766680,-994700],"properties":{"CNTR_ID":"SB","CNTR_NAME":"Solomon Islands","NAME_ENGL":"Solomon Islands","ISO3_CODE":"SLB","FID":"SB"},"id":"SB"},{"type":"Point","coordinates":[18760417,749906],"properties":{"CNTR_ID":"MH","CNTR_NAME":"Marshall Islands-Aorōkin M̧Ajeļ","NAME_ENGL":"Marshall Islands","ISO3_CODE":"MHL","FID":"MH"},"id":"MH"},{"type":"Point","coordinates":[16208588,1778629],"properties":{"CNTR_ID":"MP","CNTR_NAME":"Northern Mariana Islands-Notte Mariånas-Northern Mariana Islands","NAME_ENGL":"Northern Mariana Islands","ISO3_CODE":"MNP","FID":"MP"},"id":"MP"},{"type":"Point","coordinates":[-1160781,-2931476],"properties":{"CNTR_ID":"SH","CNTR_NAME":"Saint Helena, Ascension and Tristan Da Cunha","NAME_ENGL":"Saint Helena, Ascension and Tristan Da Cunha","ISO3_CODE":"SHN","FID":"SH"},"id":"SH"},{"type":"Point","coordinates":[-19130690,-1027775],"properties":{"CNTR_ID":"TK","CNTR_NAME":"Tokelau-Tokelau","NAME_ENGL":"Tokelau","ISO3_CODE":"TKL","FID":"TK"},"id":"TK"}]}}}