{"type":"Topology","arcs":[],"objects":{"CNTR_LB_2016_4326":{"type":"GeometryCollection","geometries":[{"type":"Point","coordinates":[1.5914,42.5422],"properties":{"CNTR_ID":"AD","CNTR_NAME":"Andorra","NAME_ENGL":"Andorra","ISO3_CODE":"AND","FID":"AD"},"id":"AD"},{"type":"Point","coordinates":[53.9824,23.4656],"properties":{"CNTR_ID":"AE","CNTR_NAME":"الإمارات العربية المتحدة","NAME_ENGL":"United Arab Emirates","ISO3_CODE":"ARE","FID":"AE"},"id":"AE"},{"type":"Point","coordinates":[65.9979,33.8179],"properties":{"CNTR_ID":"AF","CNTR_NAME":"افغانستان-افغانستان","NAME_ENGL":"Afghanistan","ISO3_CODE":"AFG","FID":"AF"},"id":"AF"},{"type":"Point","coordinates":[-61.8097,17.0785],"properties":{"CNTR_ID":"AG","CNTR_NAME":"Antigua and Barbuda","NAME_ENGL":"Antigua and Barbuda","ISO3_CODE":"ATG","FID":"AG"},"id":"AG"},{"type":"Point","coordinates":[-63.0376,18.2241],"properties":{"CNTR_ID":"AI","CNTR_NAME":"Anguilla","NAME_ENGL":"Anguilla","ISO3_CODE":"AIA","FID":"AI"},"id":"AI"},{"type":"Point","coordinates":[20.0708,41.1389],"properties":{"CNTR_ID":"AL","CNTR_NAME":"Shqipëria","NAME_ENGL":"Albania","ISO3_CODE":"ALB","FID":"AL"},"id":"AL"},{"type":"Point","coordinates":[44.9184,40.3035],"properties":{"CNTR_ID":"AM","CNTR_NAME":"Հայաստան","NAME_ENGL":"Armenia","ISO3_CODE":"ARM","FID":"AM"},"id":"AM"},{"type":"Point","coordinates":[17.5818,-12.3604],"properties":{"CNTR_ID":"AO","CNTR_NAME":"Angola","NAME_ENGL":"Angola","ISO3_CODE":"AGO","FID":"AO"},"id":"AO"},{"type":"Point","coordinates":[22.8986,-79.9284],"properties":{"CNTR_ID":"AQ","CNTR_NAME":"Antarctica","NAME_ENGL":"Antarctica","ISO3_CODE":"ATA","FID":"AQ"},"id":"AQ"},{"type":"Point","coordinates":[-63.5885,-31.5807],"properties":{"CNTR_ID":"AR","CNTR_NAME":"Argentina","NAME_ENGL":"Argentina","ISO3_CODE":"ARG","FID":"AR"},"id":"AR"},{"type":"Point","coordinates":[-170.7284,-14.304],"properties":{"CNTR_ID":"AS","CNTR_NAME":"American Samoa-Sāmoa Amelika","NAME_ENGL":"American Samoa","ISO3_CODE":"ASM","FID":"AS"},"id":"AS"},{"type":"Point","coordinates":[14.1373,47.5847],"properties":{"CNTR_ID":"AT","CNTR_NAME":"Österreich","NAME_ENGL":"Austria","ISO3_CODE":"AUT","FID":"AT"},"id":"AT"},{"type":"Point","coordinates":[134.3612,-25.5817],"properties":{"CNTR_ID":"AU","CNTR_NAME":"Australia","NAME_ENGL":"Australia","ISO3_CODE":"AUS","FID":"AU"},"id":"AU"},{"type":"Point","coordinates":[-69.9809,12.5249],"properties":{"CNTR_ID":"AW","CNTR_NAME":"Aruba-Aruba","NAME_ENGL":"Aruba","ISO3_CODE":"ABW","FID":"AW"},"id":"AW"},{"type":"Point","coordinates":[47.6875,40.3449],"properties":{"CNTR_ID":"AZ","CNTR_NAME":"Azərbaycan","NAME_ENGL":"Azerbaijan","ISO3_CODE":"AZE","FID":"AZ"},"id":"AZ"},{"type":"Point","coordinates":[17.7899,44.1624],"properties":{"CNTR_ID":"BA","CNTR_NAME":"Bosna I Hercegovina-Bosna I Hercegovina-Босна И Херцеговина","NAME_ENGL":"Bosnia and Herzegovina","ISO3_CODE":"BIH","FID":"BA"},"id":"BA"},{"type":"Point","coordinates":[-59.5555,13.167],"properties":{"CNTR_ID":"BB","CNTR_NAME":"Barbados","NAME_ENGL":"Barbados","ISO3_CODE":"BRB","FID":"BB"},"id":"BB"},{"type":"Point","coordinates":[90.2518,23.8479],"properties":{"CNTR_ID":"BD","CNTR_NAME":"People’S Republic of Bangladesh","NAME_ENGL":"Bangladesh","ISO3_CODE":"BGD","FID":"BD"},"id":"BD"},{"type":"Point","coordinates":[4.6593,50.6429],"properties":{"CNTR_ID":"BE","CNTR_NAME":"Belgien-Belgique-België","NAME_ENGL":"Belgium","ISO3_CODE":"BEL","FID":"BE"},"id":"BE"},{"type":"Point","coordinates":[-1.7352,12.2722],"properties":{"CNTR_ID":"BF","CNTR_NAME":"Burkina Faso","NAME_ENGL":"Burkina Faso","ISO3_CODE":"BFA","FID":"BF"},"id":"BF"},{"type":"Point","coordinates":[25.235,42.7546],"properties":{"CNTR_ID":"BG","CNTR_NAME":"България","NAME_ENGL":"Bulgaria","ISO3_CODE":"BGR","FID":"BG"},"id":"BG"},{"type":"Point","coordinates":[50.5474,26.0546],"properties":{"CNTR_ID":"BH","CNTR_NAME":"مملكة البحرين","NAME_ENGL":"Bahrain","ISO3_CODE":"BHR","FID":"BH"},"id":"BH"},{"type":"Point","coordinates":[29.8912,-3.3741],"properties":{"CNTR_ID":"BI","CNTR_NAME":"Burundi-Burundi","NAME_ENGL":"Burundi","ISO3_CODE":"BDI","FID":"BI"},"id":"BI"},{"type":"Point","coordinates":[2.3384,9.6486],"properties":{"CNTR_ID":"BJ","CNTR_NAME":"Bénin","NAME_ENGL":"Benin","ISO3_CODE":"BEN","FID":"BJ"},"id":"BJ"},{"type":"Point","coordinates":[-62.822,17.8973],"properties":{"CNTR_ID":"BL","CNTR_NAME":"Saint-Barthélemy","NAME_ENGL":"Saint Barthélemy","ISO3_CODE":"BLM","FID":"BL"},"id":"BL"},{"type":"Point","coordinates":[-64.7663,32.2994],"properties":{"CNTR_ID":"BM","CNTR_NAME":"Bermuda","NAME_ENGL":"Bermuda","ISO3_CODE":"BMU","FID":"BM"},"id":"BM"},{"type":"Point","coordinates":[114.6023,4.5553],"properties":{"CNTR_ID":"BN","CNTR_NAME":"Brunei","NAME_ENGL":"Brunei","ISO3_CODE":"BRN","FID":"BN"},"id":"BN"},{"type":"Point","coordinates":[-64.6743,-16.7156],"properties":{"CNTR_ID":"BO","CNTR_NAME":"Wuliwya-Volívia-Bulivya-Bolivia","NAME_ENGL":"Bolivia","ISO3_CODE":"BOL","FID":"BO"},"id":"BO"},{"type":"Point","coordinates":[-68.3079,12.227],"properties":{"CNTR_ID":"BQ","CNTR_NAME":"Bonaire, Sint Eustatius and Saba","NAME_ENGL":"Bonaire, Sint Eustatius and Saba","ISO3_CODE":"BES","FID":"BQ"},"id":"BQ"},{"type":"Point","coordinates":[-53.0849,-10.7672],"properties":{"CNTR_ID":"BR","CNTR_NAME":"Brasil","NAME_ENGL":"Brazil","ISO3_CODE":"BRA","FID":"BR"},"id":"BR"},{"type":"Point","coordinates":[90.4666,27.383],"properties":{"CNTR_ID":"BT","CNTR_NAME":"Kingdom of Bhutan","NAME_ENGL":"Bhutan","ISO3_CODE":"BTN","FID":"BT"},"id":"BT"},{"type":"Point","coordinates":[3.3671,-54.4229],"properties":{"CNTR_ID":"BV","CNTR_NAME":"Bouvetøya","NAME_ENGL":"Bouvet Island","ISO3_CODE":"BVT","FID":"BV"},"id":"BV"},{"type":"Point","coordinates":[23.8028,-22.1802],"properties":{"CNTR_ID":"BW","CNTR_NAME":"Botswana-Botswana","NAME_ENGL":"Botswana","ISO3_CODE":"BWA","FID":"BW"},"id":"BW"},{"type":"Point","coordinates":[28.0284,53.5308],"properties":{"CNTR_ID":"BY","CNTR_NAME":"Беларусь","NAME_ENGL":"Belarus","ISO3_CODE":"BLR","FID":"BY"},"id":"BY"},{"type":"Point","coordinates":[-88.7141,17.1903],"properties":{"CNTR_ID":"BZ","CNTR_NAME":"Belize","NAME_ENGL":"Belize","ISO3_CODE":"BLZ","FID":"BZ"},"id":"BZ"},{"type":"Point","coordinates":[-101.8126,57.6978],"properties":{"CNTR_ID":"CA","CNTR_NAME":"Canada-Canada","NAME_ENGL":"Canada","ISO3_CODE":"CAN","FID":"CA"},"id":"CA"},{"type":"Point","coordinates":[23.6559,-2.8703],"properties":{"CNTR_ID":"CD","CNTR_NAME":"République Démocratique du Congo-Kongo-Kongó-Kongu-Kongo","NAME_ENGL":"Democratic Republic of The Congo","ISO3_CODE":"COD","FID":"CD"},"id":"CD"},{"type":"Point","coordinates":[20.9507,7.0012],"properties":{"CNTR_ID":"CF","CNTR_NAME":"République Centrafricaine-Ködörösêse Tî Bêafrîka","NAME_ENGL":"Central African Republic","ISO3_CODE":"CAF","FID":"CF"},"id":"CF"},{"type":"Point","coordinates":[15.2674,-0.839],"properties":{"CNTR_ID":"CG","CNTR_NAME":"Congo-Kongo-Kongó","NAME_ENGL":"Congo","ISO3_CODE":"COG","FID":"CG"},"id":"CG"},{"type":"Point","coordinates":[8.2129,46.9548],"properties":{"CNTR_ID":"CH","CNTR_NAME":"Schweiz-Suisse-Svizzera-Svizra","NAME_ENGL":"Switzerland","ISO3_CODE":"CHE","FID":"CH"},"id":"CH"},{"type":"Point","coordinates":[-5.5466,7.6188],"properties":{"CNTR_ID":"CI","CNTR_NAME":"Côte D’Ivoire","NAME_ENGL":"Côte D’Ivoire","ISO3_CODE":"CIV","FID":"CI"},"id":"CI"},{"type":"Point","coordinates":[-69.1554,-22.9087],"properties":{"CNTR_ID":"CL","CNTR_NAME":"Chile","NAME_ENGL":"Chile","ISO3_CODE":"CHL","FID":"CL"},"id":"CL"},{"type":"Point","coordinates":[12.7363,5.6658],"properties":{"CNTR_ID":"CM","CNTR_NAME":"Cameroon-Cameroun","NAME_ENGL":"Cameroon","ISO3_CODE":"CMR","FID":"CM"},"id":"CM"},{"type":"Point","coordinates":[104.1494,32.3102],"properties":{"CNTR_ID":"CN","CNTR_NAME":"中國","NAME_ENGL":"China","ISO3_CODE":"CHN","FID":"CN"},"id":"CN"},{"type":"Point","coordinates":[-73.0781,3.8983],"properties":{"CNTR_ID":"CO","CNTR_NAME":"Colombia","NAME_ENGL":"Colombia","ISO3_CODE":"COL","FID":"CO"},"id":"CO"},{"type":"Point","coordinates":[-109.2175,10.3037],"properties":{"CNTR_ID":"CP","CNTR_NAME":"Île Clipperton","NAME_ENGL":"Clipperton Island","ISO3_CODE":"CPT","FID":"CP"},"id":"CP"},{"type":"Point","coordinates":[-84.1701,9.9959],"properties":{"CNTR_ID":"CR","CNTR_NAME":"Costa Rica","NAME_ENGL":"Costa Rica","ISO3_CODE":"CRI","FID":"CR"},"id":"CR"},{"type":"Point","coordinates":[-79.3227,21.9946],"properties":{"CNTR_ID":"CU","CNTR_NAME":"Cuba","NAME_ENGL":"Cuba","ISO3_CODE":"CUB","FID":"CU"},"id":"CU"},{"type":"Point","coordinates":[-68.875,12.1191],"properties":{"CNTR_ID":"CW","CNTR_NAME":"Curaçao","NAME_ENGL":"Curaçao","ISO3_CODE":"CUW","FID":"CW"},"id":"CW"},{"type":"Point","coordinates":[105.6473,-10.4806],"properties":{"CNTR_ID":"CX","CNTR_NAME":"Christmas Island","NAME_ENGL":"Christmas Island","ISO3_CODE":"CXR","FID":"CX"},"id":"CX"},{"type":"Point","coordinates":[33.1739,35.0284],"properties":{"CNTR_ID":"CY","CNTR_NAME":"Κύπρος-Kıbrıs","NAME_ENGL":"Cyprus","ISO3_CODE":"CYP","FID":"CY"},"id":"CY"},{"type":"Point","coordinates":[15.3276,49.7382],"properties":{"CNTR_ID":"CZ","CNTR_NAME":"Česká Republika","NAME_ENGL":"Czechia","ISO3_CODE":"CZE","FID":"CZ"},"id":"CZ"},{"type":"Point","coordinates":[10.3767,51.0771],"properties":{"CNTR_ID":"DE","CNTR_NAME":"Deutschland","NAME_ENGL":"Germany","ISO3_CODE":"DEU","FID":"DE"},"id":"DE"},{"type":"Point","coordinates":[42.2053,11.6033],"properties":{"CNTR_ID":"DJ","CNTR_NAME":"جيبوتي-Djibouti-Jabuuti","NAME_ENGL":"Djibouti","ISO3_CODE":"DJI","FID":"DJ"},"id":"DJ"},{"type":"Point","coordinates":[9.3193,56.0271],"properties":{"CNTR_ID":"DK","CNTR_NAME":"Danmark","NAME_ENGL":"Denmark","ISO3_CODE":"DNK","FID":"DK"},"id":"DK"},{"type":"Point","coordinates":[-61.3474,15.4111],"properties":{"CNTR_ID":"DM","CNTR_NAME":"Dominica-Dominique","NAME_ENGL":"Dominica","ISO3_CODE":"DMA","FID":"DM"},"id":"DM"},{"type":"Point","coordinates":[-70.5106,18.9012],"properties":{"CNTR_ID":"DO","CNTR_NAME":"República Dominicana","NAME_ENGL":"Dominican Republic","ISO3_CODE":"DOM","FID":"DO"},"id":"DO"},{"type":"Point","coordinates":[2.6825,28.1467],"properties":{"CNTR_ID":"DZ","CNTR_NAME":"الجزائر","NAME_ENGL":"Algeria","ISO3_CODE":"DZA","FID":"DZ"},"id":"DZ"},{"type":"Point","coordinates":[-78.3577,-1.4201],"properties":{"CNTR_ID":"EC","CNTR_NAME":"Ikwadur-Ecuador","NAME_ENGL":"Ecuador","ISO3_CODE":"ECU","FID":"EC"},"id":"EC"},{"type":"Point","coordinates":[25.8548,58.6709],"properties":{"CNTR_ID":"EE","CNTR_NAME":"Eesti","NAME_ENGL":"Estonia","ISO3_CODE":"EST","FID":"EE"},"id":"EE"},{"type":"Point","coordinates":[29.759,26.5649],"properties":{"CNTR_ID":"EG","CNTR_NAME":"مصر","NAME_ENGL":"Egypt","ISO3_CODE":"EGY","FID":"EG"},"id":"EG"},{"type":"Point","coordinates":[-13.1416,24.6678],"properties":{"CNTR_ID":"EH","CNTR_NAME":"الصحراء الغربية","NAME_ENGL":"Western Sahara","ISO3_CODE":"ESH","FID":"EH"},"id":"EH"},{"type":"Point","coordinates":[22.5402,39.4982],"properties":{"CNTR_ID":"EL","CNTR_NAME":"Ελλάδα","NAME_ENGL":"Greece","ISO3_CODE":"GRC","FID":"EL"},"id":"EL"},{"type":"Point","coordinates":[38.132,16.1236],"properties":{"CNTR_ID":"ER","CNTR_NAME":"إريتريا-Eritrea-ኤርትራ","NAME_ENGL":"Eritrea","ISO3_CODE":"ERI","FID":"ER"},"id":"ER"},{"type":"Point","coordinates":[-3.5521,40.3816],"properties":{"CNTR_ID":"ES","CNTR_NAME":"España","NAME_ENGL":"Spain","ISO3_CODE":"ESP","FID":"ES"},"id":"ES"},{"type":"Point","coordinates":[39.6403,8.6307],"properties":{"CNTR_ID":"ET","CNTR_NAME":"Federal Democratic Republic of Ethiopia","NAME_ENGL":"Ethiopia","ISO3_CODE":"ETH","FID":"ET"},"id":"ET"},{"type":"Point","coordinates":[26.2795,64.4974],"properties":{"CNTR_ID":"FI","CNTR_NAME":"Suomi-Finland","NAME_ENGL":"Finland","ISO3_CODE":"FIN","FID":"FI"},"id":"FI"},{"type":"Point","coordinates":[177.9517,-17.8274],"properties":{"CNTR_ID":"FJ","CNTR_NAME":"Fiji-Viti-फ़िजी","NAME_ENGL":"Fiji","ISO3_CODE":"FJI","FID":"FJ"},"id":"FJ"},{"type":"Point","coordinates":[-58.7523,-51.7388],"properties":{"CNTR_ID":"FK","CNTR_NAME":"Falkland Islands","NAME_ENGL":"Falkland Islands","ISO3_CODE":"FLK","FID":"FK"},"id":"FK"},{"type":"Point","coordinates":[158.2287,6.8797],"properties":{"CNTR_ID":"FM","CNTR_NAME":"Micronesia","NAME_ENGL":"Micronesia","ISO3_CODE":"FSM","FID":"FM"},"id":"FM"},{"type":"Point","coordinates":[-6.9815,62.1202],"properties":{"CNTR_ID":"FO","CNTR_NAME":"Færøerne-Føroyar","NAME_ENGL":"Faroe Islands","ISO3_CODE":"FRO","FID":"FO"},"id":"FO"},{"type":"Point","coordinates":[2.5059,46.6183],"properties":{"CNTR_ID":"FR","CNTR_NAME":"France","NAME_ENGL":"France","ISO3_CODE":"FRA","FID":"FR"},"id":"FR"},{"type":"Point","coordinates":[11.7646,-0.6157],"properties":{"CNTR_ID":"GA","CNTR_NAME":"Gabon","NAME_ENGL":"Gabon","ISO3_CODE":"GAB","FID":"GA"},"id":"GA"},{"type":"Point","coordinates":[-61.6809,12.1196],"properties":{"CNTR_ID":"GD","CNTR_NAME":"Grenada","NAME_ENGL":"Grenada","ISO3_CODE":"GRD","FID":"GD"},"id":"GD"},{"type":"Point","coordinates":[43.2962,42.0572],"properties":{"CNTR_ID":"GE","CNTR_NAME":"საქართველო","NAME_ENGL":"Georgia","ISO3_CODE":"GEO","FID":"GE"},"id":"GE"},{"type":"Point","coordinates":[-2.5794,49.456],"properties":{"CNTR_ID":"GG","CNTR_NAME":"Guernsey-Guernesey","NAME_ENGL":"Guernsey","ISO3_CODE":"GGY","FID":"GG"},"id":"GG"},{"type":"Point","coordinates":[-1.1985,7.9616],"properties":{"CNTR_ID":"GH","CNTR_NAME":"Ghana","NAME_ENGL":"Ghana","ISO3_CODE":"GHA","FID":"GH"},"id":"GH"},{"type":"Point","coordinates":[-5.3461,36.1432],"properties":{"CNTR_ID":"GI","CNTR_NAME":"Gibraltar","NAME_ENGL":"Gibraltar","ISO3_CODE":"GIB","FID":"GI"},"id":"GI"},{"type":"Point","coordinates":[-41.388,74.7663],"properties":{"CNTR_ID":"GL","CNTR_NAME":"Grønland-Kalaallit Nunaat","NAME_ENGL":"Greenland","ISO3_CODE":"GRL","FID":"GL"},"id":"GL"},{"type":"Point","coordinates":[-16.0613,13.3811],"properties":{"CNTR_ID":"GM","CNTR_NAME":"Gambia","NAME_ENGL":"Gambia","ISO3_CODE":"GMB","FID":"GM"},"id":"GM"},{"type":"Point","coordinates":[-11.3051,11.0087],"properties":{"CNTR_ID":"GN","CNTR_NAME":"Guinée","NAME_ENGL":"Guinea","ISO3_CODE":"GIN","FID":"GN"},"id":"GN"},{"type":"Point","coordinates":[10.4688,1.5921],"properties":{"CNTR_ID":"GQ","CNTR_NAME":"Guinée Équatoriale-Guinea Ecuatorial","NAME_ENGL":"Equatorial Guinea","ISO3_CODE":"GNQ","FID":"GQ"},"id":"GQ"},{"type":"Point","coordinates":[-36.2044,-54.6015],"properties":{"CNTR_ID":"GS","CNTR_NAME":"South Georgia and The South Sandwich Islands","NAME_ENGL":"South Georgia and The South Sandwich Islands","ISO3_CODE":"SGS","FID":"GS"},"id":"GS"},{"type":"Point","coordinates":[-91.2288,15.0125],"properties":{"CNTR_ID":"GT","CNTR_NAME":"Guatemala","NAME_ENGL":"Guatemala","ISO3_CODE":"GTM","FID":"GT"},"id":"GT"},{"type":"Point","coordinates":[144.717,13.3633],"properties":{"CNTR_ID":"GU","CNTR_NAME":"Guåhan-Guam","NAME_ENGL":"Guam","ISO3_CODE":"GUM","FID":"GU"},"id":"GU"},{"type":"Point","coordinates":[-14.4508,12.1029],"properties":{"CNTR_ID":"GW","CNTR_NAME":"Guiné-Bissau","NAME_ENGL":"Guinea-Bissau","ISO3_CODE":"GNB","FID":"GW"},"id":"GW"},{"type":"Point","coordinates":[-58.9618,4.803],"properties":{"CNTR_ID":"GY","CNTR_NAME":"Guyana","NAME_ENGL":"Guyana","ISO3_CODE":"GUY","FID":"GY"},"id":"GY"},{"type":"Point","coordinates":[114.1142,22.4349],"properties":{"CNTR_ID":"HK","CNTR_NAME":"香港","NAME_ENGL":"Hong Kong","ISO3_CODE":"HKG","FID":"HK"},"id":"HK"},{"type":"Point","coordinates":[73.5251,-53.1095],"properties":{"CNTR_ID":"HM","CNTR_NAME":"Heard Island and Mcdonald Islands","NAME_ENGL":"Heard Island and Mcdonald Islands","ISO3_CODE":"HMD","FID":"HM"},"id":"HM"},{"type":"Point","coordinates":[-86.6222,14.8298],"properties":{"CNTR_ID":"HN","CNTR_NAME":"Honduras","NAME_ENGL":"Honduras","ISO3_CODE":"HND","FID":"HN"},"id":"HN"},{"type":"Point","coordinates":[16.4894,43.756],"properties":{"CNTR_ID":"HR","CNTR_NAME":"Hrvatska","NAME_ENGL":"Croatia","ISO3_CODE":"HRV","FID":"HR"},"id":"HR"},{"type":"Point","coordinates":[-72.3646,18.3858],"properties":{"CNTR_ID":"HT","CNTR_NAME":"Haïti-Ayiti","NAME_ENGL":"Haiti","ISO3_CODE":"HTI","FID":"HT"},"id":"HT"},{"type":"Point","coordinates":[19.4066,47.1616],"properties":{"CNTR_ID":"HU","CNTR_NAME":"Magyarország","NAME_ENGL":"Hungary","ISO3_CODE":"HUN","FID":"HU"},"id":"HU"},{"type":"Point","coordinates":[-8.0902,53.1794],"properties":{"CNTR_ID":"IE","CNTR_NAME":"Ireland-Éire","NAME_ENGL":"Ireland","ISO3_CODE":"IRL","FID":"IE"},"id":"IE"},{"type":"Point","coordinates":[34.6195,31.0661],"properties":{"CNTR_ID":"IL","CNTR_NAME":"إسرائيل-ישראל","NAME_ENGL":"Israel","ISO3_CODE":"ISR","FID":"IL"},"id":"IL"},{"type":"Point","coordinates":[-4.5444,54.2285],"properties":{"CNTR_ID":"IM","CNTR_NAME":"Isle of Man-Ellan Vannin","NAME_ENGL":"Isle of Man","ISO3_CODE":"IMN","FID":"IM"},"id":"IM"},{"type":"Point","coordinates":[79.4676,22.349],"properties":{"CNTR_ID":"IN","CNTR_NAME":"India-भारत","NAME_ENGL":"India","ISO3_CODE":"IND","FID":"IN"},"id":"IN"},{"type":"Point","coordinates":[72.4196,-7.3149],"properties":{"CNTR_ID":"IO","CNTR_NAME":"British Indian Ocean Territory","NAME_ENGL":"British Indian Ocean Territory","ISO3_CODE":"IOT","FID":"IO"},"id":"IO"},{"type":"Point","coordinates":[43.7557,33.0425],"properties":{"CNTR_ID":"IQ","CNTR_NAME":"العراق-Îraq","NAME_ENGL":"Iraq","ISO3_CODE":"IRQ","FID":"IQ"},"id":"IQ"},{"type":"Point","coordinates":[54.3046,32.5758],"properties":{"CNTR_ID":"IR","CNTR_NAME":"ایران","NAME_ENGL":"Iran","ISO3_CODE":"IRN","FID":"IR"},"id":"IR"},{"type":"Point","coordinates":[-18.8569,64.756],"properties":{"CNTR_ID":"IS","CNTR_NAME":"Ísland","NAME_ENGL":"Iceland","ISO3_CODE":"ISL","FID":"IS"},"id":"IS"},{"type":"Point","coordinates":[12.5322,42.837],"properties":{"CNTR_ID":"IT","CNTR_NAME":"Italia","NAME_ENGL":"Italy","ISO3_CODE":"ITA","FID":"IT"},"id":"IT"},{"type":"Point","coordinates":[-2.1302,49.2236],"properties":{"CNTR_ID":"JE","CNTR_NAME":"Jersey-Jersey","NAME_ENGL":"Jersey","ISO3_CODE":"JEY","FID":"JE"},"id":"JE"},{"type":"Point","coordinates":[-77.3447,18.1775],"properties":{"CNTR_ID":"JM","CNTR_NAME":"Jamaica","NAME_ENGL":"Jamaica","ISO3_CODE":"JAM","FID":"JM"},"id":"JM"},{"type":"Point","coordinates":[37.079,30.6751],"properties":{"CNTR_ID":"JO","CNTR_NAME":"الأردن","NAME_ENGL":"Jordan","ISO3_CODE":"JOR","FID":"JO"},"id":"JO"},{"type":"Point","coordinates":[139.1928,36.6179],"properties":{"CNTR_ID":"JP","CNTR_NAME":"日本","NAME_ENGL":"Japan","ISO3_CODE":"JPN","FID":"JP"},"id":"JP"},{"type":"Point","coordinates":[37.8606,0.5355],"properties":{"CNTR_ID":"KE","CNTR_NAME":"Kenya-Kenya","NAME_ENGL":"Kenya","ISO3_CODE":"KEN","FID":"KE"},"id":"KE"},{"type":"Point","coordinates":[74.5847,41.4529],"properties":{"CNTR_ID":"KG","CNTR_NAME":"Kırgızstan-Кыргызстан","NAME_ENGL":"Kyrgyzstan","ISO3_CODE":"KGZ","FID":"KG"},"id":"KG"},{"type":"Point","coordinates":[104.9152,12.7146],"properties":{"CNTR_ID":"KH","CNTR_NAME":"កម្ពុជា","NAME_ENGL":"Cambodia","ISO3_CODE":"KHM","FID":"KH"},"id":"KH"},{"type":"Point","coordinates":[-157.4016,1.8716],"properties":{"CNTR_ID":"KI","CNTR_NAME":"Kiribati","NAME_ENGL":"Kiribati","ISO3_CODE":"KIR","FID":"KI"},"id":"KI"},{"type":"Point","coordinates":[43.3442,-11.6063],"properties":{"CNTR_ID":"KM","CNTR_NAME":"جزر القمر-Comores-Komori","NAME_ENGL":"Comoros","ISO3_CODE":"COM","FID":"KM"},"id":"KM"},{"type":"Point","coordinates":[-62.7818,17.3517],"properties":{"CNTR_ID":"KN","CNTR_NAME":"Saint Kitts and Nevis","NAME_ENGL":"Saint Kitts and Nevis","ISO3_CODE":"KNA","FID":"KN"},"id":"KN"},{"type":"Point","coordinates":[127.1899,40.1298],"properties":{"CNTR_ID":"KP","CNTR_NAME":"조선민주주의인민공화국","NAME_ENGL":"North Korea","ISO3_CODE":"PRK","FID":"KP"},"id":"KP"},{"type":"Point","coordinates":[127.879,36.467],"properties":{"CNTR_ID":"KR","CNTR_NAME":"대한민국","NAME_ENGL":"South Korea","ISO3_CODE":"KOR","FID":"KR"},"id":"KR"},{"type":"Point","coordinates":[47.4932,29.4908],"properties":{"CNTR_ID":"KW","CNTR_NAME":"الكويت","NAME_ENGL":"Kuwait","ISO3_CODE":"KWT","FID":"KW"},"id":"KW"},{"type":"Point","coordinates":[-81.2119,19.323],"properties":{"CNTR_ID":"KY","CNTR_NAME":"Cayman Islands","NAME_ENGL":"Cayman Islands","ISO3_CODE":"CYM","FID":"KY"},"id":"KY"},{"type":"Point","coordinates":[67.3115,48.1522],"properties":{"CNTR_ID":"KZ","CNTR_NAME":"Қазақстан","NAME_ENGL":"Kazakhstan","ISO3_CODE":"KAZ","FID":"KZ"},"id":"KZ"},{"type":"Point","coordinates":[101.9624,20.2365],"properties":{"CNTR_ID":"LA","CNTR_NAME":"ປະເທດລາວ","NAME_ENGL":"Laos","ISO3_CODE":"LAO","FID":"LA"},"id":"LA"},{"type":"Point","coordinates":[35.8942,33.9289],"properties":{"CNTR_ID":"LB","CNTR_NAME":"لبنان","NAME_ENGL":"Lebanon","ISO3_CODE":"LBN","FID":"LB"},"id":"LB"},{"type":"Point","coordinates":[-60.97,13.8898],"properties":{"CNTR_ID":"LC","CNTR_NAME":"Saint Lucia","NAME_ENGL":"Saint Lucia","ISO3_CODE":"LCA","FID":"LC"},"id":"LC"},{"type":"Point","coordinates":[9.5534,47.1383],"properties":{"CNTR_ID":"LI","CNTR_NAME":"Liechtenstein","NAME_ENGL":"Liechtenstein","ISO3_CODE":"LIE","FID":"LI"},"id":"LI"},{"type":"Point","coordinates":[80.7079,7.6065],"properties":{"CNTR_ID":"LK","CNTR_NAME":"ශ්‍රී ලංකාව-இலங்கை","NAME_ENGL":"Sri Lanka","ISO3_CODE":"LKA","FID":"LK"},"id":"LK"},{"type":"Point","coordinates":[-9.3276,6.4433],"properties":{"CNTR_ID":"LR","CNTR_NAME":"Liberia","NAME_ENGL":"Liberia","ISO3_CODE":"LBR","FID":"LR"},"id":"LR"},{"type":"Point","coordinates":[28.2551,-29.5776],"properties":{"CNTR_ID":"LS","CNTR_NAME":"Lesotho-Lesotho","NAME_ENGL":"Lesotho","ISO3_CODE":"LSO","FID":"LS"},"id":"LS"},{"type":"Point","coordinates":[23.9197,55.3351],"properties":{"CNTR_ID":"LT","CNTR_NAME":"Lietuva","NAME_ENGL":"Lithuania","ISO3_CODE":"LTU","FID":"LT"},"id":"LT"},{"type":"Point","coordinates":[6.0943,49.771],"properties":{"CNTR_ID":"LU","CNTR_NAME":"Luxemburg-Luxembourg-Lëtzebuerg","NAME_ENGL":"Luxembourg","ISO3_CODE":"LUX","FID":"LU"},"id":"LU"},{"type":"Point","coordinates":[26.382,56.6829],"properties":{"CNTR_ID":"LV","CNTR_NAME":"Latvija","NAME_ENGL":"Latvia","ISO3_CODE":"LVA","FID":"LV"},"id":"LV"},{"type":"Point","coordinates":[18.0429,27.0102],"properties":{"CNTR_ID":"LY","CNTR_NAME":"دولة ليبيا","NAME_ENGL":"Libya","ISO3_CODE":"LBY","FID":"LY"},"id":"LY"},{"type":"Point","coordinates":[-6.2981,31.8381],"properties":{"CNTR_ID":"MA","CNTR_NAME":"المغرب","NAME_ENGL":"Morocco","ISO3_CODE":"MAR","FID":"MA"},"id":"MA"},{"type":"Point","coordinates":[7.4188,43.7342],"properties":{"CNTR_ID":"MC","CNTR_NAME":"Monaco","NAME_ENGL":"Monaco","ISO3_CODE":"MCO","FID":"MC"},"id":"MC"},{"type":"Point","coordinates":[28.4593,47.2109],"properties":{"CNTR_ID":"MD","CNTR_NAME":"Moldova","NAME_ENGL":"Moldova","ISO3_CODE":"MDA","FID":"MD"},"id":"MD"},{"type":"Point","coordinates":[19.269,42.7721],"properties":{"CNTR_ID":"ME","CNTR_NAME":"Црна Гора","NAME_ENGL":"Montenegro","ISO3_CODE":"MNE","FID":"ME"},"id":"ME"},{"type":"Point","coordinates":[46.6955,-19.408],"properties":{"CNTR_ID":"MG","CNTR_NAME":"Madagascar-Madagasikara","NAME_ENGL":"Madagascar","ISO3_CODE":"MDG","FID":"MG"},"id":"MG"},{"type":"Point","coordinates":[21.6966,41.5981],"properties":{"CNTR_ID":"MK","CNTR_NAME":"Македонија","NAME_ENGL":"Former Yugoslav Republic of Macedonia","ISO3_CODE":"MKD","FID":"MK"},"id":"MK"},{"type":"Point","coordinates":[-3.5043,17.3709],"properties":{"CNTR_ID":"ML","CNTR_NAME":"Mali","NAME_ENGL":"Mali","ISO3_CODE":"MLI","FID":"ML"},"id":"ML"},{"type":"Point","coordinates":[96.501,21.2369],"properties":{"CNTR_ID":"MM","CNTR_NAME":"Myanma","NAME_ENGL":"Myanmar/Burma","ISO3_CODE":"MMR","FID":"MM"},"id":"MM"},{"type":"Point","coordinates":[103.0489,46.8315],"properties":{"CNTR_ID":"MN","CNTR_NAME":"Монгол Улс","NAME_ENGL":"Mongolia","ISO3_CODE":"MNG","FID":"MN"},"id":"MN"},{"type":"Point","coordinates":[113.5458,22.1975],"properties":{"CNTR_ID":"MO","CNTR_NAME":"澳門-Macau","NAME_ENGL":"Macau","ISO3_CODE":"MAC","FID":"MO"},"id":"MO"},{"type":"Point","coordinates":[-10.3164,20.2616],"properties":{"CNTR_ID":"MR","CNTR_NAME":"موريتانيا","NAME_ENGL":"Mauritania","ISO3_CODE":"MRT","FID":"MR"},"id":"MR"},{"type":"Point","coordinates":[-62.1883,16.7298],"properties":{"CNTR_ID":"MS","CNTR_NAME":"Montserrat","NAME_ENGL":"Montserrat","ISO3_CODE":"MSR","FID":"MS"},"id":"MS"},{"type":"Point","coordinates":[14.4312,35.886],"properties":{"CNTR_ID":"MT","CNTR_NAME":"Malta-Malta","NAME_ENGL":"Malta","ISO3_CODE":"MLT","FID":"MT"},"id":"MT"},{"type":"Point","coordinates":[57.576,-20.2772],"properties":{"CNTR_ID":"MU","CNTR_NAME":"Mauritius","NAME_ENGL":"Mauritius","ISO3_CODE":"MUS","FID":"MU"},"id":"MU"},{"type":"Point","coordinates":[35.1203,-15.2608],"properties":{"CNTR_ID":"MW","CNTR_NAME":"Malawi-Malaŵi","NAME_ENGL":"Malawi","ISO3_CODE":"MWI","FID":"MW"},"id":"MW"},{"type":"Point","coordinates":[-102.5173,23.9467],"properties":{"CNTR_ID":"MX","CNTR_NAME":"México","NAME_ENGL":"Mexico","ISO3_CODE":"MEX","FID":"MX"},"id":"MX"},{"type":"Point","coordinates":[114.4128,2.8757],"properties":{"CNTR_ID":"MY","CNTR_NAME":"Malaysia","NAME_ENGL":"Malaysia","ISO3_CODE":"MYS","FID":"MY"},"id":"MY"},{"type":"Point","coordinates":[38.1448,-14.313],"properties":{"CNTR_ID":"MZ","CNTR_NAME":"Moçambique","NAME_ENGL":"Mozambique","ISO3_CODE":"MOZ","FID":"MZ"},"id":"MZ"},{"type":"Point","coordinates":[17.2178,-22.1429],"properties":{"CNTR_ID":"NA","CNTR_NAME":"Namibia","NAME_ENGL":"Namibia","ISO3_CODE":"NAM","FID":"NA"},"id":"NA"},{"type":"Point","coordinates":[165.5312,-21.3948],"properties":{"CNTR_ID":"NC","CNTR_NAME":"Nouvelle-Calédonie","NAME_ENGL":"New Caledonia","ISO3_CODE":"NCL","FID":"NC"},"id":"NC"},{"type":"Point","coordinates":[9.413,17.4338],"properties":{"CNTR_ID":"NE","CNTR_NAME":"Niger","NAME_ENGL":"Niger","ISO3_CODE":"NER","FID":"NE"},"id":"NE"},{"type":"Point","coordinates":[167.953,-29.034],"properties":{"CNTR_ID":"NF","CNTR_NAME":"Norfolk Island-Norfuk Ailen","NAME_ENGL":"Norfolk Island","ISO3_CODE":"NFK","FID":"NF"},"id":"NF"},{"type":"Point","coordinates":[8.0851,9.5853],"properties":{"CNTR_ID":"NG","CNTR_NAME":"Nigeria","NAME_ENGL":"Nigeria","ISO3_CODE":"NGA","FID":"NG"},"id":"NG"},{"type":"Point","coordinates":[-85.0476,12.8404],"properties":{"CNTR_ID":"NI","CNTR_NAME":"Nicaragua","NAME_ENGL":"Nicaragua","ISO3_CODE":"NIC","FID":"NI"},"id":"NI"},{"type":"Point","coordinates":[5.646,52.2932],"properties":{"CNTR_ID":"NL","CNTR_NAME":"Nederland","NAME_ENGL":"Netherlands","ISO3_CODE":"NLD","FID":"NL"},"id":"NL"},{"type":"Point","coordinates":[11.4948,61.7103],"properties":{"CNTR_ID":"NO","CNTR_NAME":"Norga-Noreg-Norge","NAME_ENGL":"Norway","ISO3_CODE":"NOR","FID":"NO"},"id":"NO"},{"type":"Point","coordinates":[83.9573,28.2613],"properties":{"CNTR_ID":"NP","CNTR_NAME":"नेपाल","NAME_ENGL":"Nepal","ISO3_CODE":"NPL","FID":"NP"},"id":"NP"},{"type":"Point","coordinates":[166.9333,-0.5275],"properties":{"CNTR_ID":"NR","CNTR_NAME":"Nauru-Naoero","NAME_ENGL":"Nauru","ISO3_CODE":"NRU","FID":"NR"},"id":"NR"},{"type":"Point","coordinates":[-169.8584,-19.0524],"properties":{"CNTR_ID":"NU","CNTR_NAME":"Niue-Niuē","NAME_ENGL":"Niue","ISO3_CODE":"NIU","FID":"NU"},"id":"NU"},{"type":"Point","coordinates":[170.4403,-44.0131],"properties":{"CNTR_ID":"NZ","CNTR_NAME":"New Zealand-Aotearoa","NAME_ENGL":"New Zealand","ISO3_CODE":"NZL","FID":"NZ"},"id":"NZ"},{"type":"Point","coordinates":[57.8117,21.9143],"properties":{"CNTR_ID":"OM","CNTR_NAME":"سلطنة عمان","NAME_ENGL":"Oman","ISO3_CODE":"OMN","FID":"OM"},"id":"OM"},{"type":"Point","coordinates":[-80.1223,8.8084],"properties":{"CNTR_ID":"PA","CNTR_NAME":"Panamá","NAME_ENGL":"Panama","ISO3_CODE":"PAN","FID":"PA"},"id":"PA"},{"type":"Point","coordinates":[-71.8526,-13.5597],"properties":{"CNTR_ID":"PE","CNTR_NAME":"Piruw-Piruw-Perú","NAME_ENGL":"Peru","ISO3_CODE":"PER","FID":"PE"},"id":"PE"},{"type":"Point","coordinates":[144.2141,-6.5913],"properties":{"CNTR_ID":"PG","CNTR_NAME":"Papua New Guinea-Papua Niu Gini-Papua Niugini","NAME_ENGL":"Papua New Guinea","ISO3_CODE":"PNG","FID":"PG"},"id":"PG"},{"type":"Point","coordinates":[68.8049,29.3982],"properties":{"CNTR_ID":"PK","CNTR_NAME":"Pakistan-پاكستان","NAME_ENGL":"Pakistan","ISO3_CODE":"PAK","FID":"PK"},"id":"PK"},{"type":"Point","coordinates":[19.4066,52.1309],"properties":{"CNTR_ID":"PL","CNTR_NAME":"Polska","NAME_ENGL":"Poland","ISO3_CODE":"POL","FID":"PL"},"id":"PL"},{"type":"Point","coordinates":[-56.3272,47.0362],"properties":{"CNTR_ID":"PM","CNTR_NAME":"Saint-Pierre-Et-Miquelon","NAME_ENGL":"Saint Pierre and Miquelon","ISO3_CODE":"SPM","FID":"PM"},"id":"PM"},{"type":"Point","coordinates":[-128.3241,-24.3755],"properties":{"CNTR_ID":"PN","CNTR_NAME":"Pitcairn Islands-Pitkern Ailen","NAME_ENGL":"Pitcairn Islands","ISO3_CODE":"PCN","FID":"PN"},"id":"PN"},{"type":"Point","coordinates":[-66.4716,18.2326],"properties":{"CNTR_ID":"PR","CNTR_NAME":"Puerto Rico","NAME_ENGL":"Puerto Rico","ISO3_CODE":"PRI","FID":"PR"},"id":"PR"},{"type":"Point","coordinates":[35.2786,31.9693],"properties":{"CNTR_ID":"PS","CNTR_NAME":"فلسطين","NAME_ENGL":"Palestine","ISO3_CODE":"PSE","FID":"PS"},"id":"PS"},{"type":"Point","coordinates":[-7.9703,39.6868],"properties":{"CNTR_ID":"PT","CNTR_NAME":"Portugal","NAME_ENGL":"Portugal","ISO3_CODE":"PRT","FID":"PT"},"id":"PT"},{"type":"Point","coordinates":[134.5611,7.4841],"properties":{"CNTR_ID":"PW","CNTR_NAME":"Palau-Belau","NAME_ENGL":"Palau","ISO3_CODE":"PLW","FID":"PW"},"id":"PW"},{"type":"Point","coordinates":[-58.4232,-23.2139],"properties":{"CNTR_ID":"PY","CNTR_NAME":"Paraguay-Paraguái","NAME_ENGL":"Paraguay","ISO3_CODE":"PRY","FID":"PY"},"id":"PY"},{"type":"Point","coordinates":[51.1943,25.2708],"properties":{"CNTR_ID":"QA","CNTR_NAME":"قطر","NAME_ENGL":"Qatar","ISO3_CODE":"QAT","FID":"QA"},"id":"QA"},{"type":"Point","coordinates":[24.9778,45.8361],"properties":{"CNTR_ID":"RO","CNTR_NAME":"România","NAME_ENGL":"Romania","ISO3_CODE":"ROU","FID":"RO"},"id":"RO"},{"type":"Point","coordinates":[20.8129,44.0309],"properties":{"CNTR_ID":"RS","CNTR_NAME":"Србија","NAME_ENGL":"Serbia","ISO3_CODE":"SRB","FID":"RS"},"id":"RS"},{"type":"Point","coordinates":[99.124,61.6334],"properties":{"CNTR_ID":"RU","CNTR_NAME":"Россия","NAME_ENGL":"Russian Federation","ISO3_CODE":"RUS","FID":"RU"},"id":"RU"},{"type":"Point","coordinates":[29.9308,-1.9764],"properties":{"CNTR_ID":"RW","CNTR_NAME":"Rwanda-Rwanda-Rwanda","NAME_ENGL":"Rwanda","ISO3_CODE":"RWA","FID":"RW"},"id":"RW"},{"type":"Point","coordinates":[44.5537,24.1338],"properties":{"CNTR_ID":"SA","CNTR_NAME":"السعودية","NAME_ENGL":"Saudi Arabia","ISO3_CODE":"SAU","FID":"SA"},"id":"SA"},{"type":"Point","coordinates":[29.9584,16.0343],"properties":{"CNTR_ID":"SD","CNTR_NAME":"السودان-Sudan","NAME_ENGL":"Sudan","ISO3_CODE":"SDN","FID":"SD"},"id":"SD"},{"type":"Point","coordinates":[14.4445,60.6418],"properties":{"CNTR_ID":"SE","CNTR_NAME":"Sverige","NAME_ENGL":"Sweden","ISO3_CODE":"SWE","FID":"SE"},"id":"SE"},{"type":"Point","coordinates":[103.8394,1.3262],"properties":{"CNTR_ID":"SG","CNTR_NAME":"新加坡-Singapore-Singapura-சிங்கப்பூர்","NAME_ENGL":"Singapore","ISO3_CODE":"SGP","FID":"SG"},"id":"SG"},{"type":"Point","coordinates":[14.8169,46.1277],"properties":{"CNTR_ID":"SI","CNTR_NAME":"Slovinsko","NAME_ENGL":"Slovenia","ISO3_CODE":"SVN","FID":"SI"},"id":"SI"},{"type":"Point","coordinates":[13.4842,78.8376],"properties":{"CNTR_ID":"SJ","CNTR_NAME":"Svalbard Og Jan Mayen","NAME_ENGL":"Svalbard and Jan Mayen","ISO3_CODE":"SJM","FID":"SJ"},"id":"SJ"},{"type":"Point","coordinates":[19.4741,48.7042],"properties":{"CNTR_ID":"SK","CNTR_NAME":"Slovensko","NAME_ENGL":"Slovakia","ISO3_CODE":"SVK","FID":"SK"},"id":"SK"},{"type":"Point","coordinates":[-11.7847,8.5529],"properties":{"CNTR_ID":"SL","CNTR_NAME":"Sierra Leone","NAME_ENGL":"Sierra Leone","ISO3_CODE":"SLE","FID":"SL"},"id":"SL"},{"type":"Point","coordinates":[12.471,43.9314],"properties":{"CNTR_ID":"SM","CNTR_NAME":"San Marino","NAME_ENGL":"San Marino","ISO3_CODE":"SMR","FID":"SM"},"id":"SM"},{"type":"Point","coordinates":[-14.4462,14.367],"properties":{"CNTR_ID":"SN","CNTR_NAME":"Sénégal","NAME_ENGL":"Senegal","ISO3_CODE":"SEN","FID":"SN"},"id":"SN"},{"type":"Point","coordinates":[46.1155,4.3774],"properties":{"CNTR_ID":"SO","CNTR_NAME":"الصومال-Soomaaliya","NAME_ENGL":"Somalia","ISO3_CODE":"SOM","FID":"SO"},"id":"SO"},{"type":"Point","coordinates":[-55.9045,4.1428],"properties":{"CNTR_ID":"SR","CNTR_NAME":"Suriname","NAME_ENGL":"Suriname","ISO3_CODE":"SUR","FID":"SR"},"id":"SR"},{"type":"Point","coordinates":[30.3267,7.2866],"properties":{"CNTR_ID":"SS","CNTR_NAME":"South Sudan","NAME_ENGL":"South Sudan","ISO3_CODE":"SSD","FID":"SS"},"id":"SS"},{"type":"Point","coordinates":[6.5977,0.2355],"properties":{"CNTR_ID":"ST","CNTR_NAME":"São Tomé E Príncipe","NAME_ENGL":"São Tomé and Príncipe","ISO3_CODE":"STP","FID":"ST"},"id":"ST"},{"type":"Point","coordinates":[-88.887,13.7413],"properties":{"CNTR_ID":"SV","CNTR_NAME":"El Salvador","NAME_ENGL":"El Salvador","ISO3_CODE":"SLV","FID":"SV"},"id":"SV"},{"type":"Point","coordinates":[-63.0545,18.0363],"properties":{"CNTR_ID":"SX","CNTR_NAME":"Sint-Maarten","NAME_ENGL":"Sint-Maarten","ISO3_CODE":"SXM","FID":"SX"},"id":"SX"},{"type":"Point","coordinates":[38.4987,35.0077],"properties":{"CNTR_ID":"SY","CNTR_NAME":"سوريا","NAME_ENGL":"Syria","ISO3_CODE":"SYR","FID":"SY"},"id":"SY"},{"type":"Point","coordinates":[31.5155,-26.5825],"properties":{"CNTR_ID":"SZ","CNTR_NAME":"Kingdom of Eswatini","NAME_ENGL":"Eswatini","ISO3_CODE":"SWZ","FID":"SZ"},"id":"SZ"},{"type":"Point","coordinates":[18.6701,15.344],"properties":{"CNTR_ID":"TD","CNTR_NAME":"تشاد-Tchad","NAME_ENGL":"Chad","ISO3_CODE":"TCD","FID":"TD"},"id":"TD"},{"type":"Point","coordinates":[69.2169,-49.3089],"properties":{"CNTR_ID":"TF","CNTR_NAME":"Terres Australes Et Antarctiques Françaises","NAME_ENGL":"French Southern and Antarctic Lands","ISO3_CODE":"ATF","FID":"TF"},"id":"TF"},{"type":"Point","coordinates":[0.9785,8.548],"properties":{"CNTR_ID":"TG","CNTR_NAME":"Togo","NAME_ENGL":"Togo","ISO3_CODE":"TGO","FID":"TG"},"id":"TG"},{"type":"Point","coordinates":[101.0305,15.1496],"properties":{"CNTR_ID":"TH","CNTR_NAME":"ประเทศไทย","NAME_ENGL":"Thailand","ISO3_CODE":"THA","FID":"TH"},"id":"TH"},{"type":"Point","coordinates":[69.4202,38.5046],"properties":{"CNTR_ID":"TJ","CNTR_NAME":"Тоҷикистон","NAME_ENGL":"Tajikistan","ISO3_CODE":"TJK","FID":"TJ"},"id":"TJ"},{"type":"Point","coordinates":[125.9334,-8.7999],"properties":{"CNTR_ID":"TL","CNTR_NAME":"Timor-Leste-Timor Lorosae","NAME_ENGL":"Timor-Leste","ISO3_CODE":"TLS","FID":"TL"},"id":"TL"},{"type":"Point","coordinates":[59.4192,39.1055],"properties":{"CNTR_ID":"TM","CNTR_NAME":"Türkmenistan","NAME_ENGL":"Turkmenistan","ISO3_CODE":"TKM","FID":"TM"},"id":"TM"},{"type":"Point","coordinates":[9.5549,33.7421],"properties":{"CNTR_ID":"TN","CNTR_NAME":"تونس","NAME_ENGL":"Tunisia","ISO3_CODE":"TUN","FID":"TN"},"id":"TN"},{"type":"Point","coordinates":[35.4709,38.9923],"properties":{"CNTR_ID":"TR","CNTR_NAME":"Türkiye","NAME_ENGL":"Turkey","ISO3_CODE":"TUR","FID":"TR"},"id":"TR"},{"type":"Point","coordinates":[-61.267,10.4364],"properties":{"CNTR_ID":"TT","CNTR_NAME":"Trinidad and Tobago","NAME_ENGL":"Trinidad and Tobago","ISO3_CODE":"TTO","FID":"TT"},"id":"TT"},{"type":"Point","coordinates":[34.802,-6.2595],"properties":{"CNTR_ID":"TZ","CNTR_NAME":"Tanzania","NAME_ENGL":"United Republic of Tanzania","ISO3_CODE":"TZA","FID":"TZ"},"id":"TZ"},{"type":"Point","coordinates":[31.3628,49.0322],"properties":{"CNTR_ID":"UA","CNTR_NAME":"Україна","NAME_ENGL":"Ukraine","ISO3_CODE":"UKR","FID":"UA"},"id":"UA"},{"type":"Point","coordinates":[32.389,1.2776],"properties":{"CNTR_ID":"UG","CNTR_NAME":"Uganda-Uganda","NAME_ENGL":"Uganda","ISO3_CODE":"UGA","FID":"UG"},"id":"UG"},{"type":"Point","coordinates":[-2.1086,53.2786],"properties":{"CNTR_ID":"UK","CNTR_NAME":"United Kingdom","NAME_ENGL":"United Kingdom","ISO3_CODE":"GBR","FID":"UK"},"id":"UK"},{"type":"Point","coordinates":[-162.4606,6.4102],"properties":{"CNTR_ID":"UM","CNTR_NAME":"United States Minor Outlying Islands","NAME_ENGL":"United States Minor Outlying Islands","ISO3_CODE":"UMI","FID":"UM"},"id":"UM"},{"type":"Point","coordinates":[-99.1943,39.537],"properties":{"CNTR_ID":"US","CNTR_NAME":"United States","NAME_ENGL":"United States","ISO3_CODE":"USA","FID":"US"},"id":"US"},{"type":"Point","coordinates":[-56.0061,-32.8049],"properties":{"CNTR_ID":"UY","CNTR_NAME":"Uruguay","NAME_ENGL":"Uruguay","ISO3_CODE":"URY","FID":"UY"},"id":"UY"},{"type":"Point","coordinates":[64.3964,41.2698],"properties":{"CNTR_ID":"UZ","CNTR_NAME":"Узбекистан","NAME_ENGL":"Uzbekistan","ISO3_CODE":"UZB","FID":"UZ"},"id":"UZ"},{"type":"Point","coordinates":[12.4528,41.9035],"properties":{"CNTR_ID":"VA","CNTR_NAME":"Stato Della Città Del Vaticano-Status Civitatis Vaticanae","NAME_ENGL":"Vatican City","ISO3_CODE":"VAT","FID":"VA"},"id":"VA"},{"type":"Point","coordinates":[-61.1881,13.2531],"properties":{"CNTR_ID":"VC","CNTR_NAME":"Saint Vincent and The Grenadines","NAME_ENGL":"Saint Vincent and The Grenadines","ISO3_CODE":"VCT","FID":"VC"},"id":"VC"},{"type":"Point","coordinates":[-66.1542,7.1089],"properties":{"CNTR_ID":"VE","CNTR_NAME":"Venezuela","NAME_ENGL":"Venezuela","ISO3_CODE":"VEN","FID":"VE"},"id":"VE"},{"type":"Point","coordinates":[-64.7971,17.7318],"properties":{"CNTR_ID":"VI","CNTR_NAME":"Us Virgin Islands","NAME_ENGL":"Us Virgin Islands","ISO3_CODE":"VIR","FID":"VI"},"id":"VI"},{"type":"Point","coordinates":[107.5701,11.5307],"properties":{"CNTR_ID":"VN","CNTR_NAME":"Việt Nam","NAME_ENGL":"Vietnam","ISO3_CODE":"VNM","FID":"VN"},"id":"VN"},{"type":"Point","coordinates":[-172.4412,-13.621],"properties":{"CNTR_ID":"WS","CNTR_NAME":"Samoa-Sāmoa","NAME_ENGL":"Samoa","ISO3_CODE":"WSM","FID":"WS"},"id":"WS"},{"type":"Point","coordinates":[79.1237,35.0111],"properties":{"CNTR_ID":"XC","CNTR_NAME":"Aksai Chin (Disputed Territory)","NAME_ENGL":"Aksai Chin","ISO3_CODE":"XC","FID":"XC"},"id":"XC"},{"type":"Point","coordinates":[94.4946,28.4402],"properties":{"CNTR_ID":"XD","CNTR_NAME":"Arunashal Pradesh (Disputed Territory)","NAME_ENGL":"Arunachal Pradesh","ISO3_CODE":"XD","FID":"XD"},"id":"XD"},{"type":"Point","coordinates":[79.326,32.8821],"properties":{"CNTR_ID":"XE","CNTR_NAME":"China/India (Disputed Territory)","NAME_ENGL":"China/India","ISO3_CODE":"XE","FID":"XE"},"id":"XE"},{"type":"Point","coordinates":[35.4819,22.3617],"properties":{"CNTR_ID":"XF","CNTR_NAME":"Hala'Ib Triangle (Disputed Territory)","NAME_ENGL":"Hala'Ib Triangle","ISO3_CODE":"XF","FID":"XF"},"id":"XF"},{"type":"Point","coordinates":[35.0029,4.7378],"properties":{"CNTR_ID":"XG","CNTR_NAME":"Ilemi Triangle (Disputed Territory)","NAME_ENGL":"Ilemi Triangle","ISO3_CODE":"XG","FID":"XG"},"id":"XG"},{"type":"Point","coordinates":[75.7996,34.5631],"properties":{"CNTR_ID":"XH","CNTR_NAME":"Jammu Kashmir (Disputed Territory)","NAME_ENGL":"Jammu Kashmir","ISO3_CODE":"XH","FID":"XH"},"id":"XH"},{"type":"Point","coordinates":[147.9103,45.1573],"properties":{"CNTR_ID":"XI","CNTR_NAME":"Kuril Islands (Disputed Territory)","NAME_ENGL":"Kuril Islands","ISO3_CODE":"XI","FID":"XI"},"id":"XI"},{"type":"Point","coordinates":[-75.0125,18.4019],"properties":{"CNTR_ID":"XL","CNTR_NAME":"Navassa Island (Disputed Territory)","NAME_ENGL":"Navassa Island","ISO3_CODE":"XL","FID":"XL"},"id":"XL"},{"type":"Point","coordinates":[117.732,15.2128],"properties":{"CNTR_ID":"XM","CNTR_NAME":"Scarborough Reef (Disputed Territory)","NAME_ENGL":"Scarborough Reef","ISO3_CODE":"XM","FID":"XM"},"id":"XM"},{"type":"Point","coordinates":[40.3499,-22.361],"properties":{"CNTR_ID":"XO","CNTR_NAME":"Fr Territory (Juan de Nova, Glorioso, Europa, Tromelin, Bassas Da India)","NAME_ENGL":"Bassas Da India","ISO3_CODE":"XO","FID":"XO"},"id":"XO"},{"type":"Point","coordinates":[28.3975,9.7746],"properties":{"CNTR_ID":"XU","CNTR_NAME":"Abyei Region (Disputed Territory)","NAME_ENGL":"Abyei","ISO3_CODE":"XU","FID":"XU"},"id":"XU"},{"type":"Point","coordinates":[33.6915,21.8998],"properties":{"CNTR_ID":"XV","CNTR_NAME":"Bir Tawil (Disputed Territory)","NAME_ENGL":"Bir Tawil (Disputed Territory)","ISO3_CODE":"XV","FID":"XV"},"id":"XV"},{"type":"Point","coordinates":[45.2867,15.1859],"properties":{"CNTR_ID":"YE","CNTR_NAME":"اليمن","NAME_ENGL":"Yemen","ISO3_CODE":"YEM","FID":"YE"},"id":"YE"},{"type":"Point","coordinates":[24.6736,-29.9966],"properties":{"CNTR_ID":"ZA","CNTR_NAME":"Suid-Afrika-South Africa-Sewula Afrika-Afrika-Borwa-Afrika-Borwa-Ningizimu Afrika-Aforika Borwa-Afrika Dzonga-Afurika Tshipembe-Mzantsi Afrika-Ningizimu Afrika","NAME_ENGL":"South Africa","ISO3_CODE":"ZAF","FID":"ZA"},"id":"ZA"},{"type":"Point","coordinates":[27.8238,-14.6349],"properties":{"CNTR_ID":"ZM","CNTR_NAME":"Zambia","NAME_ENGL":"Zambia","ISO3_CODE":"ZMB","FID":"ZM"},"id":"ZM"},{"type":"Point","coordinates":[29.8678,-19.0019],"properties":{"CNTR_ID":"ZW","CNTR_NAME":"Zimbabwe","NAME_ENGL":"Zimbabwe","ISO3_CODE":"ZWE","FID":"ZW"},"id":"ZW"},{"type":"Point","coordinates":[96.8545,-12.1447],"properties":{"CNTR_ID":"CC","CNTR_NAME":"Cocos Keeling Islands","NAME_ENGL":"Cocos (Keeling) Islands","ISO3_CODE":"CCK","FID":"CC"},"id":"CC"},{"type":"Point","coordinates":[-76.6112,24.2543],"properties":{"CNTR_ID":"BS","CNTR_NAME":"Bahamas","NAME_ENGL":"Bahamas","ISO3_CODE":"BHS","FID":"BS"},"id":"BS"},{"type":"Point","coordinates":[111.8758,16.3681],"properties":{"CNTR_ID":"XA","CNTR_NAME":"Paracel Islands (Disputed Territory)","NAME_ENGL":"Paracel Islands","ISO3_CODE":"XA","FID":"XA"},"id":"XA"},{"type":"Point","coordinates":[-145.2486,-15.4228],"properties":{"CNTR_ID":"PF","CNTR_NAME":"Polynésie Française","NAME_ENGL":"French Polynesia","ISO3_CODE":"PYF","FID":"PF"},"id":"PF"},{"type":"Point","coordinates":[-174.8472,-19.859],"properties":{"CNTR_ID":"TO","CNTR_NAME":"Tonga-Tonga","NAME_ENGL":"Tonga","ISO3_CODE":"TON","FID":"TO"},"id":"TO"},{"type":"Point","coordinates":[-71.8562,21.7501],"properties":{"CNTR_ID":"TC","CNTR_NAME":"Turks and Caicos Islands","NAME_ENGL":"Turks and Caicos Islands","ISO3_CODE":"TCA","FID":"TC"},"id":"TC"},{"type":"Point","coordinates":[-177.1944,-13.8292],"properties":{"CNTR_ID":"WF","CNTR_NAME":"Wallis-Et-Futuna","NAME_ENGL":"Wallis and Futuna","ISO3_CODE":"WLF","FID":"WF"},"id":"WF"},{"type":"Point","coordinates":[167.7031,-16.1959],"properties":{"CNTR_ID":"VU","CNTR_NAME":"Vanuatu-Vanuatu-Vanuatu","NAME_ENGL":"Vanuatu","ISO3_CODE":"VUT","FID":"VU"},"id":"VU"},{"type":"Point","coordinates":[-64.5158,18.5115],"properties":{"CNTR_ID":"VG","CNTR_NAME":"British Virgin Islands","NAME_ENGL":"British Virgin Islands","ISO3_CODE":"VGB","FID":"VG"},"id":"VG"},{"type":"Point","coordinates":[-158.9782,-19.2114],"properties":{"CNTR_ID":"CK","CNTR_NAME":"Cook Islands-Kūki 'Āirani","NAME_ENGL":"Cook Islands","ISO3_CODE":"COK","FID":"CK"},"id":"CK"},{"type":"Point","coordinates":[115.1302,10.6117],"properties":{"CNTR_ID":"XB","CNTR_NAME":"Spratly Islands (Disputed Territory)","NAME_ENGL":"Spratly Islands","ISO3_CODE":"XB","FID":"XB"},"id":"XB"},{"type":"Point","coordinates":[51.8358,-6.6938],"properties":{"CNTR_ID":"SC","CNTR_NAME":"Sesel-Seychelles-Seychelles","NAME_ENGL":"Seychelles","ISO3_CODE":"SYC","FID":"SC"},"id":"SC"},{"type":"Point","coordinates":[-23.9802,15.9412],"properties":{"CNTR_ID":"CV","CNTR_NAME":"Cabo Verde","NAME_ENGL":"Cape Verde","ISO3_CODE":"CPV","FID":"CV"},"id":"CV"},{"type":"Point","coordinates":[117.2774,-2.2261],"properties":{"CNTR_ID":"ID","CNTR_NAME":"Indonesia","NAME_ENGL":"Indonesia","ISO3_CODE":"IDN","FID":"ID"},"id":"ID"},{"type":"Point","coordinates":[73.2207,3.8486],"properties":{"CNTR_ID":"MV","CNTR_NAME":"Republic of Maldives","NAME_ENGL":"Maldives","ISO3_CODE":"MDV","FID":"MV"},"id":"MV"},{"type":"Point","coordinates":[122.8671,11.7347],"properties":{"CNTR_ID":"PH","CNTR_NAME":"Philippines-Pilipinas","NAME_ENGL":"Philippines","ISO3_CODE":"PHL","FID":"PH"},"id":"PH"},{"type":"Point","coordinates":[178.6907,-7.477],"properties":{"CNTR_ID":"TV","CNTR_NAME":"Tuvalu-Tuvalu","NAME_ENGL":"Tuvalu","ISO3_CODE":"TUV","FID":"TV"},"id":"TV"},{"type":"Point","coordinates":[123.5295,25.772],"properties":{"CNTR_ID":"XN","CNTR_NAME":"Senkaku Islands (Disputed Territory)","NAME_ENGL":"Senkaku Islands","ISO3_CODE":"XN","FID":"XN"},"id":"XN"},{"type":"Point","coordinates":[159.6008,-8.8995],"properties":{"CNTR_ID":"SB","CNTR_NAME":"Solomon Islands","NAME_ENGL":"Solomon Islands","ISO3_CODE":"SLB","FID":"SB"},"id":"SB"},{"type":"Point","coordinates":[168.5277,6.7211],"properties":{"CNTR_ID":"MH","CNTR_NAME":"Marshall Islands-Aorōkin M̧Ajeļ","NAME_ENGL":"Marshall Islands","ISO3_CODE":"MHL","FID":"MH"},"id":"MH"},{"type":"Point","coordinates":[145.6042,15.7746],"properties":{"CNTR_ID":"MP","CNTR_NAME":"Northern Mariana Islands-Notte Mariånas-Northern Mariana Islands","NAME_ENGL":"Northern Mariana Islands","ISO3_CODE":"MNP","FID":"MP"},"id":"MP"},{"type":"Point","coordinates":[-10.4275,-25.4529],"properties":{"CNTR_ID":"SH","CNTR_NAME":"Saint Helena, Ascension and Tristan Da Cunha","NAME_ENGL":"Saint Helena, Ascension and Tristan Da Cunha","ISO3_CODE":"SHN","FID":"SH"},"id":"SH"},{"type":"Point","coordinates":[-171.8539,-9.193],"properties":{"CNTR_ID":"TK","CNTR_NAME":"Tokelau-Tokelau","NAME_ENGL":"Tokelau","ISO3_CODE":"TKL","FID":"TK"},"id":"TK"}]}}}