FIPS,EventRootCode,f0_
TU,05,0.6414694022187204
JO,05,0.1008745203233733
SC,05,2.5671146023722482
GP,05,-0.57200386782264334
PC,05,-1.61927872183826
BO,05,0.5509054009667651
UG,05,-0.69545565800440945
ML,05,0.018049020560137932
BU,05,-0.25074719187348771
SA,05,1.3540682008035381
PE,05,-0.36000520525068375
RB,05,0.43964986263772277
SZ,05,-1.7361515771977032
SO,05,-0.90894075329209822
EI,05,-0.17636112435756648
TT,05,1.6954084056393874
SU,05,-1.0132841937525348
SW,05,-0.68064858738602274
LS,05,1.1468111993574064
MJ,05,0.3000259032853746
HK,05,-0.6317861060769977
CG,05,-0.44752547131134407
ZA,05,1.2815641146873511
BR,05,-0.46231096951898615
MP,05,-0.642535061033512
BE,05,-1.4861029799234555
PL,05,0.15801418603826362
CK,05,-0.93397333356645218
IC,05,-1.029078660080839
KS,05,0.14824451181362774
PM,05,-0.37778211538949119
MN,05,-0.47816792722538815
MF,05,-0.66309481584420837
MB,05,-1.1819659464036372
GB,05,0.810696557667333
TH,05,-0.68749188287297425
MZ,05,-0.20559362165102898
CJ,05,1.1146232348357259
NZ,05,0.057493777181597518
ZI,05,-0.58288655333441575
NO,05,-1.1154566421045624
BG,05,-0.31907203205520412
CU,05,-0.2780156891292333
UP,05,-0.37530029334018949
VM,05,2.1755587269333265
AJ,05,0.69030548643805123
CS,05,-0.64395018055831121
NS,05,0.094092793333257638
MY,05,-1.1000156425878906
AQ,05,0.63652360142580522
MA,05,0.7392971635155865
SL,05,0.26102541577161903
CF,05,-0.76949060777607436
ST,05,2.1138417654974426
AL,05,0.28839151396018831
IZ,05,-0.59611807243912229
TO,05,-0.37857052374377576
BC,05,0.25888207858490975
VQ,05,-0.22175404061582049
ID,05,1.3080297962655951
BY,05,-1.4880459637304007
ET,05,0.09033869828201424
CA,05,-0.83459515980102927
SI,05,-1.1789079068758295
JA,05,-1.0366862663981851
LU,05,-1.1678752102186298
GT,05,-0.99267971131759758
IT,05,0.48396593140417882
LI,05,1.6410086926908318
AV,05,3.0390923759837634
JM,05,0.6573903020075873
GL,05,0.2329868759869704
FM,05,3.7700821733962009
GM,05,-1.0216173169472238
CV,05,0.79674956743798553
CD,05,-0.65533744139398964
JE,05,-1.7035904662093673
QA,05,0.059144279464323442
CE,05,0.11492031520549348
MH,05,0.99019134664321218
NI,05,0.0951779489021443
MO,05,-0.156817277580108
CW,05,2.3316638362176429
UZ,05,1.1958861225457746
BD,05,1.5317860143486324
EZ,05,-1.0942391453955997
GY,05,-0.49981172093008985
TK,05,1.1708396481683081
BX,05,0.62302124558828675
IV,05,1.0483037591174222
BL,05,-0.71835511505046634
AU,05,-0.67335967718635736
YM,05,-0.22570959096607604
KU,05,0.58553585207700032
MX,05,-0.094994870917988389
MG,05,2.1738199045997142
AN,05,1.277313093059069
WA,05,0.073492227604569429
AA,05,2.6171622400842756
MC,05,-0.25103602403383957
TV,05,-1.0461480922429041
SX,05,0.91922524693704177
PP,05,0.73900180449230835
TP,05,1.7279909444795394
KV,05,0.86047018580632073
DA,05,-1.1443408016603236
GJ,05,2.6635772990860396
NE,05,-0.95644813508833448
UY,05,-0.76406249406883819
TS,05,-0.31172512729029567
IO,05,-0.23098886776756086
HU,05,0.10729858393005356
CB,05,-0.21892310475640689
GA,05,2.0803915932927395
BM,05,-0.61260613061409785
RW,05,0.72303404425562168
US,05,-1.0819104257006018
AO,05,0.89867817682190454
IM,05,1.2777561350263222
TX,05,4.0285480506167248
FP,05,1.2036549937412671
AG,05,-0.39700464597219193
PK,05,-0.73102284998281875
RQ,05,-0.18266345621705635
BK,05,0.49336880690644763
SE,05,1.6340564846360999
BF,05,1.1319627308243785
BA,05,3.2953355108544073
KN,05,-1.8533691485557111
WZ,05,1.6735825292213848
AF,05,-0.89678281423783623
CM,05,-1.1219710042641802
WE,05,1.21215030489224
PO,05,0.11689162241053963
AS,05,-0.69476972684029281
OD,05,0.021026949347156723
SN,05,-0.45876586094297911
TI,05,0.46635597903838516
FO,05,1.9942783000265585
DO,05,3.4140127847225341
RE,05,-1.4959169428917209
ES,05,-0.24053062750089771
WS,05,0.26531375086236114
VE,05,-0.34736494090186576
BP,05,2.1489569933675625
LO,05,-0.554779790975395
RI,05,1.4635272465715252
RP,05,-0.55546273025634885
GI,05,1.2825902002871281
KZ,05,0.72782845894145021
MU,05,0.78959643894996989
SM,05,1.5357365919227346
SH,05,2.1617673544817722
NG,05,0.73325800387512152
SF,05,-1.1919758291274054
UK,05,-0.45236782926622709
UV,05,0.63625199315457936
BT,05,2.2908400054060936
GH,05,0.80123315570667553
MD,05,0.20266113723453105
CI,05,-0.74246289971742363
KE,05,-0.86224925930535312
IN,05,-0.35094381767682753
NU,05,0.725453308253835
HO,05,-0.040354714273173158
CH,05,0.84529029380490472
FR,05,-1.4792755054748481
LG,05,0.096823873550958214
BH,05,0.93130487269808615
VT,05,0.68054064317745644
CO,05,-0.14494651062510103
MV,05,-1.310085536156447
TD,05,0.88625745967165936
TN,05,1.7719416574812388
AR,05,-0.4911237442527614
LE,05,-1.1681018989800935
ER,05,0.66080548221090463
PU,05,0.972620281948866
IR,05,-1.5593723797186645
BN,05,0.67609972594504408
VI,05,0.82515898449598313
GV,05,0.29179890433763661
CT,05,-1.0690371828126204
LY,05,-0.0010794718249181809
HR,05,0.24762852884410358
TW,05,-0.69509816765072108
LH,05,0.47798397318859048
AE,05,2.0150865561979403
RO,05,0.044183414988216416
HA,05,0.094697526396447448
MK,05,0.49562938330771522
PA,05,-0.38686600213970634
RS,05,-0.82054458441001354
TZ,05,0.64135990444936253
GR,05,-0.4138105281130488
AM,05,0.413846409819579
IS,05,-0.40329386427600122
EG,05,0.62036238966408375
EN,05,0.40924789869534062
MI,05,0.71370563286834254
KG,05,1.0570603483663519
GG,05,1.462674779604217
DR,05,0.41505681550742118
LA,05,3.6646107881435608
VC,05,2.90680249475101
MT,05,-0.16406024413865891
CY,05,0.0808247286450729
CN,05,0.62471273133679139
SP,05,-0.32654004100930611
MR,05,0.17559588925488481
NP,05,-0.28544197974708568
AC,05,0.82623686233769911
LT,05,0.50497674191587028
FI,05,0.093262798638118274
NC,05,0.91400975030006726
EC,05,-0.32848134244674521
TL,05,1.26849894291754
BB,05,0.84901651338860029
GQ,05,-0.13423806269470973
DJ,05,2.4472043249064219
SY,05,-1.4258299454910288
SG,05,-0.27828443120546348
FJ,05,2.0044526734329389
OS,05,1.7459537780827004
NL,05,-0.5187607538757455
GH,06,-1.1036065314889667
TV,06,-2.49626870575984
BB,06,-0.416892851398662
WZ,06,0.097232474369466762
SW,06,-2.2904668846626244
BG,06,-1.8616106922058362
VQ,06,-1.3447616810358547
BM,06,-1.505916284977123
MH,06,0.040000506822444978
SE,06,-0.11316415405846281
FJ,06,0.95790653439737561
SI,06,-1.0347152357016809
PP,06,-1.539367193481797
AG,06,-1.3962653157968354
HR,06,-0.74202211615655611
GG,06,0.6164961125786117
AR,06,-1.3201460203382231
MV,06,-1.9285363511056879
WA,06,-1.1297932322778608
BE,06,-2.1446465413231457
EG,06,-1.197589111560166
SU,06,-2.5154856822181677
CY,06,-1.0586131002671848
GT,06,-2.0556443781137315
EI,06,-1.2429591189104467
MN,06,-1.4799278452076245
BL,06,-1.4373387789040841
MZ,06,-1.6313320031523029
JA,06,-1.4449527922747725
PC,06,-2.6922485696821141
UG,06,-1.8930512572286231
LS,06,0.091882021580733622
CA,06,-1.8439524898817277
MT,06,-1.5190828457289647
ML,06,-1.2526204906968148
SO,06,-2.5486830921474497
CB,06,-1.2903033348981052
TZ,06,-0.46919146461238515
VI,06,-0.021450596951213503
CE,06,-0.68037639908377934
TL,06,1.87891440501044
RO,06,-0.911384059366623
NZ,06,-1.0221299451248516
CM,06,-2.02801313560545
TT,06,1.1954095350276757
NO,06,-1.8674297218090985
TU,06,-1.3875706570391173
BR,06,-0.86724680933188447
SF,06,-1.7060341257739735
TK,06,-1.8592625476386402
ZI,06,-1.5387371496779956
BO,06,-0.51773241148155025
LA,06,2.04104891646226
ET,06,-0.61145178894741914
OS,06,0.96299250060666786
AV,06,2.0919093458007465
IS,06,-2.5983760622720169
GB,06,-0.55934063775247156
SP,06,-1.0319768425411753
SN,06,-1.4168940272925212
JM,06,-0.54295291669227419
CS,06,-1.3758676961976479
MO,06,-0.14666670469341478
IT,06,-0.63866347798069356
SG,06,-1.271853851738544
AN,06,0.50186959426524291
IV,06,-0.6316645791350447
IC,06,-1.0525080179023842
EZ,06,-1.7052359091536511
OD,06,-1.841472377607817
TP,06,0.4591466221595773
CV,06,-0.047985600952967312
TD,06,-1.1641160765537484
RP,06,-1.6934439812582684
EC,06,-1.1718778508500778
MG,06,0.085034191524971436
RI,06,0.020059598238521978
MF,06,-0.38659636596591584
MD,06,-0.52315482829741367
UK,06,-1.7199744353437911
BT,06,0.10039785481363071
DJ,06,0.77983176312950264
VE,06,-1.0792179939936484
MA,06,-0.6481273839765983
MP,06,-1.2073596191645406
GQ,06,-1.6439769546935623
AA,06,2.53456221198156
IM,06,-0.66507654995668064
LY,06,-2.1149516554454006
SX,06,0.18315355159928109
SH,06,-0.40985694580256937
CJ,06,-0.72827700800104045
SY,06,-2.660481771598735
LI,06,0.0023100853768875766
FR,06,-1.9328858538025215
CU,06,-1.3246795387635895
HK,06,-1.5835146773388171
IR,06,-2.1643529680824654
ID,06,-1.1885547281546325
KN,06,-2.3751079070946237
TI,06,-1.0135194683101549
CH,06,-0.46486837852282153
ST,06,0.24610219324753022
KU,06,-1.4247517824208924
HU,06,-0.50012298552116541
KE,06,-1.746066098761631
TH,06,-1.4105637101339457
CG,06,-1.4102429219221155
FI,06,-1.3523036057180071
CW,06,0.84145464358184341
ZA,06,-0.288369100109703
ES,06,-1.7021053067202268
TO,06,-1.3569620328006398
RS,06,-1.8391848674517588
GV,06,-0.64261960377112426
MU,06,-1.0172747565078089
MY,06,-1.6846116186974407
LO,06,-1.8644086986484341
AL,06,-1.91572853454365
ER,06,-1.792920785346382
CF,06,-1.6425641601614933
CO,06,-1.47454934107093
CD,06,-1.3959350132749073
NE,06,-2.65465209475362
GA,06,-0.6064494940107964
NU,06,-1.0376502586968592
DR,06,-1.0393388828378858
EN,06,-0.66090516198243121
IN,06,-1.6000976599101515
AM,06,-0.89422593843420151
WS,06,-1.0475401735337881
BK,06,-0.77839429147444383
CK,06,-1.9057370627752255
NL,06,-1.3145186776104576
SA,06,-1.1463254242629064
LU,06,-1.595220712100158
NG,06,-0.72203211066810435
AS,06,-1.5478773383071656
PO,06,-0.67558749081575808
RB,06,-0.75365517391199166
QA,06,-1.678030645799873
SZ,06,-2.4074674651213614
BN,06,-0.54039383656742435
IO,06,-0.49801267023459067
PA,06,-1.2483012471118986
BH,06,-0.6804808252697091
NC,06,-0.5737572226429678
GY,06,-1.6422288425644591
TS,06,-1.324720060472542
RW,06,-0.396538312582287
AC,06,-0.46609328737028533
YM,06,-2.007607334786023
PM,06,-1.3955932911802618
JO,06,-1.0375297735232647
KG,06,-0.56980667323123391
AE,06,0.21776107432082437
BC,06,-0.57153282431886676
BF,06,-0.528660673912155
BX,06,-0.89526757796574863
MC,06,-0.89459342469517489
MK,06,-0.8822680534463252
LT,06,-0.704259065950875
MX,06,-1.38237964639594
CT,06,-1.8820985324739892
LE,06,-2.5031135487955076
FP,06,-0.453871155063839
BP,06,1.055589309006755
SM,06,-0.02398750231200706
NI,06,-1.5041125269021107
KV,06,-1.7202898924268217
AO,06,-0.2612794589765306
TX,06,1.807474921844672
KS,06,-0.83265101926194485
JE,06,-2.5627512617767327
NS,06,-0.77790189387432329
AF,06,-2.20844716613296
PU,06,-4.376606451318227
BY,06,-2.2004106249588751
SL,06,-1.261006691330625
GI,06,0.3064302092050647
PK,06,-1.581826091840661
SC,06,1.1057230774188158
TN,06,1.402549614571168
UZ,06,-0.084549259556607373
KZ,06,-0.4313745807110505
DA,06,-1.7400260803750356
VM,06,0.43235638106918622
MR,06,-1.7120921603245745
HA,06,-1.6812244462966635
PL,06,-0.91893968070605281
UY,06,-1.0614467592785159
AJ,06,-0.65752280784769224
BU,06,-1.3972819841175605
NP,06,-1.0966461436895372
PE,06,-1.2655451887545979
GM,06,-1.228605277572719
VT,06,-1.3114167521068161
HO,06,-1.4784019194942128
BD,06,0.1583741451848501
VC,06,1.4193065859438803
GJ,06,1.1909386058753879
MB,06,-1.4427886726180748
AU,06,-1.8429106189979354
LG,06,-1.1451406667177673
TW,06,-1.9990248932055519
US,06,-2.0873571471481571
UV,06,-0.18768731882612122
GR,06,-1.2269167365131612
MJ,06,-1.1152507982210573
IZ,06,-2.2048558658038946
BA,06,-0.20698170579384889
CI,06,-1.6710729148327232
RQ,06,-1.303206614608049
LH,06,-1.3767272864142097
FM,06,3.823197046158878
MI,06,-1.1218820163084768
FO,06,1.9735243732611909
RE,06,-2.0796369724122221
CN,06,0.12004226813971854
UP,06,-1.5813777565172877
GL,06,-0.706066150307084
DO,06,2.168680179260134
OD,14,-4.1686365017621876
SZ,14,-4.2745182033078049
SA,14,-4.5499678117877522
IM,14,-2.1699332362852273
BU,14,-3.0226594735932655
MP,14,-3.0713742616819757
EN,14,-2.5896332597521807
TZ,14,-2.5343211004845148
IV,14,-2.969865198906092
LU,14,-3.9153946476922177
FR,14,-3.9464758796639088
AC,14,-2.874841815841886
BG,14,-4.437120991659234
CA,14,-3.7340050396770983
PO,14,-3.6444755325975184
NP,14,-4.45831962340494
BX,14,-4.3820208611859321
SF,14,-4.42566514819981
VI,14,-1.7563948363617463
TX,14,1.7378437753395739
AE,14,-2.7648052692639675
MV,14,-5.5458921205034013
NE,14,-4.88664192222092
YM,14,-4.024181039399811
GQ,14,-2.5347921139366951
RE,14,-3.7861079204314372
SM,14,-3.7014147295238278
CD,14,-4.0934951305114966
VQ,14,-1.5496940225061011
CT,14,-3.1751716720124921
GK,14,-2.48070043306345
SL,14,-2.844300715256558
RP,14,-3.5303110305138543
SP,14,-3.1043210817992275
CG,14,-3.0625026140509823
NL,14,-4.3769045279920036
CO,14,-3.8920380481556731
AN,14,-1.469788060082748
TI,14,-2.3032437205367335
TU,14,-5.10836321451466
LY,14,-4.4861830286206086
RO,14,-3.1412336241327927
LA,14,-3.9622788660587474
TD,14,-2.9661351511715921
RS,14,-3.3810026326976486
SH,14,3.1300412068231496
GT,14,-3.8524741891095564
CF,14,-3.52372537884591
RW,14,-3.4850464713184932
EZ,14,-3.2281548150056834
KE,14,-4.3375051463098986
FO,14,1.8716577540107
AM,14,-3.5189594296612223
CE,14,-3.8823838872423071
OS,14,1.3745767277204848
JE,14,-4.6182577808658962
GR,14,-3.1774046666431466
PP,14,-3.2287840651748021
HO,14,-3.8362515223677547
AL,14,-4.5025687786487714
PM,14,-3.7009234765398764
SI,14,-3.9319781627804624
SG,14,-3.0367818184241662
UV,14,-1.9714453751207
VE,14,-3.3367627571871692
MX,14,-3.1547343963521537
MA,14,-1.7788157664310982
MH,14,-1.6401153460103597
ZI,14,-4.1232800195545014
PC,14,-3.7175028742072791
HA,14,-2.7356067940072806
GG,14,-2.7400099966873834
BK,14,-4.7510728047115238
TV,14,-4.881976347595975
SW,14,-4.9450690351724438
NZ,14,-3.153074179851695
ER,14,-3.0444453796752597
LH,14,-3.4729237281706831
MU,14,-4.3205085135616157
PK,14,-5.0219451349496831
IO,14,-3.3531311895053051
GP,14,-6.95652173913044
GV,14,-2.8690309594730454
SC,14,-1.2973122426889905
VM,14,-1.9361053288475172
LG,14,-2.692253128754265
PL,14,-2.5290806042789837
MR,14,-3.8572110154195656
GH,14,-3.7642342045590129
LO,14,-3.8170169116604455
CI,14,-3.94766795746572
NI,14,-3.6195520374944983
ZA,14,-2.1310228416033103
PU,14,-5.1991663437033715
DR,14,-3.5689916430982973
BF,14,-0.68613205773410457
SO,14,-4.5231332879362354
MI,14,-3.0159493586162704
BC,14,-2.3834049024407915
MG,14,-1.8052105740071696
UY,14,-3.7242577201943559
UG,14,-4.4666892306429293
FI,14,-4.0744324043111311
BP,14,-0.50643651041956839
MJ,14,-3.2701452984695187
ES,14,-3.9072724586833041
CJ,14,-1.2331651359869211
MY,14,-4.7665965336564557
CB,14,-3.9922146592861303
ST,14,-1.3860599541137901
MK,14,-3.9280840382431794
KV,14,-4.56213670731001
ET,14,-4.89927225403005
WZ,14,-2.4578456352945746
CV,14,-2.9200151747591323
TO,14,-2.3957731861777694
CK,14,-4.6390866824568926
EC,14,-3.6367157695121493
AU,14,-4.7954005159159871
VT,14,-3.7277122513219734
NS,14,-3.7004614219569993
MC,14,-4.3237511403379685
NG,14,-2.0817142921398379
LS,14,-5.31908286540752
US,14,-4.0207336579998207
PA,14,-4.0277829702692749
ML,14,-2.7019366433994736
UK,14,-3.9895466164358258
GI,14,-2.7860928916290648
MZ,14,-4.6584581331700115
CU,14,-3.9235189375264112
AO,14,-3.8687174789145113
KU,14,-3.8147944209862712
HU,14,-2.7510853898037224
AV,14,2.8319029089190195
JO,14,-4.0686848393303388
RQ,14,-3.3912115770003721
DA,14,-3.8953883714850073
SE,14,-2.6838721335823528
TK,14,-5.3461436421710689
BE,14,-3.9642394829814287
CY,14,-3.134609692117873
DJ,14,2.1203168091945237
BM,14,-4.1105713484077793
TP,14,-1.9989989455467065
BL,14,-3.7140345757842672
IC,14,-2.0585071976249045
BD,14,-0.648107215032789
BY,14,-3.9101364249584467
IS,14,-6.4281246121011382
EG,14,-4.2590177816427461
CW,14,0.047539019718277217
RB,14,-3.8900033495002657
UP,14,-3.6011082955886571
RI,14,-4.0416496573419129
CM,14,-4.5959073328164735
TW,14,-4.0516744195535219
UZ,14,-1.9484331041593763
LE,14,-4.4345674056803643
TN,14,-1.7280665458418523
DO,14,-0.6655651807495222
CN,14,-1.0830933319442146
MO,14,-2.9696495715710989
LI,14,-1.9265341278074171
IT,14,-3.1168890920774333
AS,14,-3.3937747352257537
BB,14,-3.1739121937115766
BN,14,-1.8173147997141996
GB,14,-2.4263475352968182
SY,14,-4.785328203290395
NC,14,-0.99500822084142215
BT,14,-1.279382683018284
WA,14,-3.4619685879743773
MF,14,-2.3515119316575763
QA,14,-5.3068924152412418
GM,14,-4.2353979428336261
MN,14,-2.0135029207288828
SN,14,-3.9124791455010235
KN,14,-4.1569730306358457
EI,14,-3.8932893014614689
BO,14,-2.6683979973295835
AJ,14,-3.2189777283794068
LT,14,-1.3205251255082646
IN,14,-4.587916262543458
BR,14,-3.7208069549346057
AF,14,-5.1377687236924086
SX,14,-0.013305990864278069
JA,14,-3.7073195564734016
MD,14,-2.7726112435984422
MT,14,-3.4739073914533574
CH,14,-3.6097505661142226
NU,14,-3.9541163004077102
WS,14,-3.3687105674362594
KZ,14,-2.6673129916058738
BA,14,-3.5177371052275945
PE,14,-3.7981020349166621
GY,14,-3.8161455630388956
JM,14,-3.47873968741829
SU,14,-4.3410012964516822
BH,14,-1.6723245028006926
CS,14,-3.9917020398972971
NO,14,-4.6041831443958143
AR,14,-3.5485351499319036
FP,14,-1.8438858732220476
IZ,14,-4.3823535232751976
ID,14,-3.7004997658751577
KG,14,-3.0909726568135709
FJ,14,-2.1462527481634748
AG,14,-3.6683545561790485
HK,14,-4.5395383248174408
IR,14,-6.0410371306773056
GL,14,-0.78332579970609351
HR,14,-4.104969367445376
KS,14,-3.1959311856473915
VC,14,0.29759377313605223
GA,14,-2.9161462470288035
AA,14,0.16870735208036991
TH,14,-4.2681593242120535
TS,14,-3.2967752367017753
GJ,14,-0.081477729506582358
MB,14,-2.3795280091346998
SN,15,-3.1705635949395865
WZ,15,-3.128265855787185
TZ,15,-1.9603417288708089
CM,15,-4.0030023088528459
TV,15,-3.6189308349096132
FP,15,-3.7343771494214697
WA,15,-3.4116195474677138
RI,15,-1.2510126688769483
TW,15,-2.8260001029364381
SW,15,-1.9000292725238552
CA,15,-3.4379448159780481
MZ,15,-2.682540971551147
MG,15,-0.44704826425286903
SU,15,-3.2988370520632411
BK,15,-2.4286163522781257
NL,15,-2.8232995851594755
MD,15,-1.9072070075002574
BH,15,-2.05836558530576
BF,15,-1.9874831001019837
JM,15,-3.2002089628706827
VT,15,-3.3310410273160338
DO,15,0.028250584835949388
IN,15,-3.335425352976515
HO,15,-3.2302854675001669
HK,15,-3.9032286939363345
MV,15,-4.8817663777333662
CI,15,-3.2991757299164184
KN,15,-3.1890791402216605
HA,15,-2.3361691869793688
RW,15,-2.0032323773258249
ET,15,-3.0071931077212981
IS,15,-3.3795163602632443
EG,15,-3.0958119086574549
OD,15,-2.2623617591054117
NI,15,-3.3042913368846394
VQ,15,-2.6283869498875192
BR,15,-2.5467111927797212
AN,15,-1.7554430658721907
NP,15,-3.4685123458756859
IM,15,-1.2783548326213199
AS,15,-3.1908974780813146
QA,15,-4.5291941974835037
BG,15,-3.4902191480204481
FM,15,5.73476702508961
AO,15,-2.7325657735066198
ID,15,-2.90688216390372
KZ,15,-2.2532442385998648
ZA,15,-2.111654158181369
KU,15,-3.6064337989988955
MJ,15,-2.4143268798789239
CW,15,1.4486702749826625
AJ,15,-2.1144362946226671
CN,15,-2.0993642745809797
NZ,15,-2.6315373895387517
ES,15,-3.0468762031944627
RP,15,-2.8842621267477488
IR,15,-3.877324066596326
JO,15,-3.266473728332719
SY,15,-3.474482766733435
MU,15,-3.247691091212471
NG,15,-1.9057121316778782
GL,15,-1.1505186801657865
MR,15,-3.0477495336089446
UV,15,-0.22729579122334767
NU,15,-2.6670426271435703
UP,15,-2.2836242714945669
HU,15,-1.7787307493909639
NS,15,-2.2223332586419677
BL,15,-2.9251303666496891
BT,15,-1.7076220369884685
MB,15,-4.55483071765913
SA,15,-3.2502785665796265
PM,15,-3.2038019916227491
FJ,15,-0.7151903448675142
VE,15,-2.2982770505128243
GT,15,-3.458723928098943
BO,15,-1.8206913919982071
LU,15,-3.79761231816524
SP,15,-2.7491953036961054
SM,15,-1.621251013423747
TH,15,-3.4268139276206422
AF,15,-3.0552546222917232
EN,15,-1.1050058998607282
MX,15,-3.0035360742291974
KG,15,-2.0489988530534453
LO,15,-2.4750938341421045
AE,15,-3.1552260357326567
LI,15,-2.2620996480750075
GB,15,-1.7888231036613678
LH,15,-1.1330559159471654
AV,15,1.0291247256752847
SZ,15,-3.8379761301651225
DR,15,-2.7039048253042268
MP,15,-3.4890535793294739
SG,15,-2.8117528666047091
RQ,15,-3.1507420356275047
RO,15,-1.995220304638039
CK,15,-2.8681059137150871
IO,15,-2.73885909737677
GV,15,-2.2573029597923111
MN,15,-3.3530427868720007
SL,15,-2.2952311264333254
BE,15,-3.5523709425908812
TP,15,2.7573211518325871
CF,15,-3.3514557299643628
CH,15,-2.3807963205545319
NC,15,-2.2066859751162
BD,15,-1.2794566608380811
BN,15,-1.5720306048449086
GI,15,0.12902578078704635
BM,15,-3.3091360095214735
BU,15,-1.9748377719184933
CD,15,-2.4667477639300803
DA,15,-3.0095112997279889
TO,15,-2.8913847238198187
CT,15,-2.8383935001113141
TN,15,0.23902914108193468
CS,15,-2.8047679188397905
NE,15,-1.7938347707796933
CB,15,-2.1247253188113087
PP,15,-2.866459859440853
AC,15,-1.1388882590439944
WS,15,-3.0394710845572326
GG,15,-0.83696013010291359
AU,15,-4.2252700093311955
SC,15,-0.0085901744999633961
LA,15,-4.3553815760591226
JE,15,-3.6333769891085126
EI,15,-3.709742131220628
TK,15,-3.5349037248064676
DJ,15,1.4696679697923911
SE,15,-2.5680978969493138
PC,15,-3.3179071438271546
ST,15,-0.73263379560520214
FI,15,-2.0254360790264561
AG,15,-2.8845583258396479
PU,15,-4.54545454545454
PE,15,-3.0407210591639626
EC,15,-3.1453501431352229
BA,15,-2.5662018317956887
MH,15,-2.1160957385078434
UY,15,-3.3521477681656351
LY,15,-3.5071586811527706
MO,15,-2.8528116078617756
IV,15,-3.1929020504880978
GY,15,-2.8664546103575308
AM,15,-2.3220193572584726
SI,15,-2.114956456936024
MI,15,-3.4492394090126606
BY,15,-3.1786870855042686
YM,15,-3.2547660196617829
US,15,-3.4650941876775292
MC,15,-3.7614460519389548
UZ,15,-1.7166040935647811
CG,15,-2.8209813909714843
SH,15,1.2048146620821416
ER,15,-3.5123434994558282
EZ,15,-2.6614581723725292
BP,15,2.417152390769596
LT,15,-2.1014453460297053
AR,15,-2.94920270601029
TX,15,-0.77092301314487355
AL,15,-2.6536261569163488
IT,15,-2.1657714615442765
GH,15,-3.8138979243707687
VM,15,-1.6394605953156032
GR,15,-2.5207086765485389
KS,15,-2.2913749481249468
RE,15,-4.0306208125427814
KV,15,-2.3804030889313257
BC,15,-2.9303819239194251
LS,15,-6.38686131386861
NO,15,-3.1987547001673384
TI,15,-1.7998585632161384
VC,15,2.0292581908843395
LG,15,-1.5023216567492799
CE,15,-2.7668838603997434
VI,15,-0.913309021489928
CY,15,-2.5429106948365958
JA,15,-2.7216792482151519
SF,15,-4.101804738780956
KE,15,-4.0341807544462265
GQ,15,-1.6607409515882061
BB,15,-2.5156750616262937
UG,15,-3.7316857550681726
LE,15,-3.3359833249904138
RB,15,-1.9081466350521321
MA,15,-2.539607392790904
CU,15,-2.70718247420734
GA,15,-3.0207527174268507
PO,15,-2.1179172597784715
RS,15,-2.3052910872973622
TU,15,-2.7305949868046171
MT,15,-3.582381499873271
CV,15,0.12949816588377833
PA,15,-3.0996745738864151
HR,15,-1.9651192895279073
CO,15,-3.2140342663584849
ML,15,-2.4770857079200437
IC,15,-1.5513857016535042
UK,15,-3.1961094243406003
BX,15,-2.8419161516354619
IZ,15,-3.2853162756521419
MY,15,-3.6037416984032831
TS,15,-3.2370050701884563
PL,15,-2.3369535371781307
FR,15,-3.8003253187240533
MF,15,-3.7052956825669852
CJ,15,-0.66653347374562444
GJ,15,-0.10570002216186841
ZI,15,-3.4781600885612911
PK,15,-3.4121456090459783
GM,15,-3.5770960330572921
TD,15,-2.4642363392347106
MK,15,-1.8385492408753827
SO,15,-3.2752581532524592
BX,19,-5.6419835581558759
BA,19,-5.8125945385067883
PC,19,-4.5221678866406307
SP,19,-4.1333091231980683
CS,19,-4.3947769869357307
AQ,19,1.5625
MZ,19,-4.8500861751471973
BG,19,-5.2911835572946977
IS,19,-7.012782644777606
GY,19,-5.1961732784854755
UG,19,-5.7250397536512416
LI,19,-4.3586755416756
YM,19,-5.4889944445105092
NI,19,-5.364287695544272
IC,19,-2.7159142211781933
EC,19,-4.525756583449815
MO,19,-4.1333703851199957
MR,19,-4.6651934824010057
AJ,19,-5.0800042922177937
TH,19,-5.5961157879473467
GR,19,-4.3571380808252957
MK,19,-5.0860531997089966
UV,19,-2.3844521791826696
MT,19,-5.2329059593274074
CM,19,-5.9128412131051915
RS,19,-4.3140237663612826
CW,19,-0.32576068960273263
MN,19,-5.3859582711801606
CG,19,-4.4765614357938146
CD,19,-5.0297523015793644
KN,19,-4.212329501319739
LH,19,-4.9944913964272475
AA,19,0.93311451505658671
GT,19,-4.8776026791354568
TN,19,-3.983104624041534
AU,19,-5.8071481747967075
DA,19,-4.3574686302633072
BC,19,-3.5465193219564353
NZ,19,-4.6065329486035953
ID,19,-6.0267741589774309
SE,19,-5.7022763121303157
VT,19,-4.77917995686391
WZ,19,-4.0518100619499453
ST,19,-4.9838304677345882
DJ,19,-2.4303996429786037
RO,19,-4.21173579272445
CV,19,-4.1212630797189886
RE,19,-5.3052944215632341
GG,19,-4.4771090223141643
CF,19,-4.9087627013121162
NU,19,-4.5469093916493053
AC,19,-4.0750108932158069
HK,19,-5.9867577049359593
PA,19,-4.9420133910541892
VI,19,-4.3674600836845112
SY,19,-5.4246706480688207
FI,19,-5.5998393282968495
NC,19,-2.7890723554192847
CT,19,-4.472690721580129
LS,19,-4.26855093675212
FR,19,-5.2695874272224295
ML,19,-4.29464402806478
JM,19,-5.0035290840200233
MD,19,-4.1150785306189093
MI,19,-5.22269491070965
LU,19,-5.2935741005929078
BT,19,-3.0263027089727328
SH,19,0.20506645981862673
CA,19,-4.9581774456629066
ZA,19,-4.5715165670786675
VQ,19,-4.3411818978528656
TD,19,-4.617482488234308
CH,19,-5.4687000549934552
CY,19,-4.6079550407567815
LE,19,-5.0537122199758393
PE,19,-4.8634335574484568
CU,19,-4.320041836943104
GK,19,-5.1888222100988068
RB,19,-4.9292515823602532
NG,19,-3.8356989667194084
VC,19,-4.064110784687001
KE,19,-5.7078514824310469
JA,19,-4.5943485329563707
TZ,19,-4.523875165297909
IV,19,-5.0469494866352953
SA,19,-5.5633475475122447
MH,19,-4.373307126354657
BH,19,-4.5793862500513187
RW,19,-5.2864366176983051
GI,19,-2.7492220580109237
NP,19,-5.7778769643323491
EG,19,-5.5759112835263922
CO,19,-5.2490190574040412
BO,19,-3.7910665234240906
BD,19,-3.0489154808949417
AO,19,-4.7541505820914223
KS,19,-3.5243866329811793
PO,19,-4.5219281453958526
HA,19,-3.9871314278265588
IR,19,-5.7526681545071945
SU,19,-4.8405636644977079
CK,19,-5.2397812916599742
ER,19,-4.7145481382025869
TI,19,-5.2787447068001869
PU,19,-5.981842522588094
AV,19,-1.5100638136652504
SF,19,-5.8628733282321983
SW,19,-5.4663783311987277
AR,19,-4.4094588835288571
MX,19,-4.42318697383179
BL,19,-4.6127121905053166
KV,19,-5.6060358192338864
VM,19,-4.5292522106775115
WE,19,-9.375
GH,19,-5.7487647238696438
PP,19,-4.7882248926067934
EZ,19,-4.1311949657667553
WS,19,-4.1783129495698477
LO,19,-5.7515720408036968
QA,19,-6.3844446366547913
MJ,19,-4.0325809573228391
IO,19,-3.2892660233785693
BF,19,-4.8731738359631169
UK,19,-4.8474780389774041
SC,19,-4.6136640087677865
PK,19,-6.3251070570280534
TS,19,-5.040469982348319
SO,19,-5.7595897838080248
TK,19,-6.36058119558893
JO,19,-5.3027147015231106
NS,19,-4.4992368381266825
SZ,19,-5.2978487662889044
TP,19,-2.5523820889048618
GL,19,-1.6618840138840818
DO,19,-2.3215824850755005
UZ,19,-3.5869414614542623
LY,19,-5.6898953170707509
BK,19,-6.63846474728521
NL,19,-4.4706320191313278
CN,19,-1.6937770478289302
MC,19,-5.195038928725296
DR,19,-4.5194823064811551
AF,19,-6.54742683443575
BU,19,-3.9034757557156965
AL,19,-5.1103229468643256
IN,19,-5.7904522248062182
BP,19,-4.2056170380762428
AG,19,-4.9827033849475084
TO,19,-3.6062092170035616
KU,19,-5.5260135364652045
ET,19,-5.1504277858695326
IM,19,-2.8447145077440568
GP,19,-2.9842325804525163
IZ,19,-4.7933125513317831
OD,19,-5.8058375655119709
ES,19,-5.1597928561963329
FO,19,-0.55260108605345792
BM,19,-4.6037476829742783
MG,19,-2.1672631650747083
TW,19,-5.6127040499922671
SM,19,-4.1385658442461946
LA,19,-5.9538232918185594
GJ,19,-3.0922425561786349
RI,19,-5.0832442804868849
IT,19,-3.6327467216250966
EN,19,-3.8422205150856663
MF,19,-4.2528770059440912
MB,19,-3.556806701770332
TU,19,-5.6148182445967993
PM,19,-4.6134722392206307
FJ,19,-4.27906481903312
SI,19,-5.1842387361801894
CB,19,-4.7988631005767362
BE,19,-5.1615172211846634
AM,19,-4.2940007729745266
AS,19,-4.3871501678111144
CI,19,-4.8005678008205761
SX,19,0.91004572181233145
MU,19,-5.5046366600637162
GV,19,-3.7711250074365639
OC,19,-0.940593077948665
HU,19,-3.8018906469974483
MY,19,-5.8322468236358871
TT,19,-1.2733358750794805
MA,19,-4.2502683791226117
HR,19,-5.5521348671427573
JE,19,-5.0726459914236006
BY,19,-4.8694983815619262
EI,19,-5.1713441522519874
AE,19,-5.400733026521185
RP,19,-5.1553202538857406
PL,19,-4.6392799225199823
NE,19,-5.4628858871116019
SN,19,-5.2479292929563961
GQ,19,-4.6199440142694144
US,19,-5.32099590756034
GM,19,-5.59339908563271
GA,19,-4.6501525467282923
OS,19,-3.2090791419724658
FM,19,-0.37174721189592
BB,19,-4.5833765387273768
KG,19,-4.3088028703467112
UP,19,-4.8210799139998217
TX,19,-0.91024412163703861
BR,19,-4.8718536752431953
NO,19,-5.7682081629950233
AN,19,-2.5423928274739938
CE,19,-4.9163812068084187
TV,19,-6.0337651499500264
SG,19,-4.59156609194918
CJ,19,-4.437795046436821
SL,19,-4.6904201452345209
RQ,19,-4.4723708933635127
MV,19,-6.0901440720285045
VE,19,-3.7686637674023435
MP,19,-4.9438479499125263
HO,19,-4.8047730992252662
KZ,19,-3.856275203983536
UY,19,-4.1467724065104843
LG,19,-4.2838603313445791
ZI,19,-4.57884827602171
WA,19,-5.1469290959200977
FP,19,-5.1102295792924792
GB,19,-3.6342593887783154
BN,19,-2.5306415623277485
LT,19,-4.4258856176220709
